{"type":"FeatureCollection","features":[{"type":"Feature","properties":{"sigla":"RO","nome":"Rondônia","regiao":"Norte"},"geometry":{"type":"Polygon","coordinates":[[[-65.30983941399998,-11.490559538999998],[-65.394937885,-9.685773181999998],[-66.810253112,-9.818045875],[-66.408858419,-9.406946622],[-65.79152196300001,-9.585644437],[-65.24666142999999,-9.257663551999999],[-65.097849986,-9.432515837],[-64.839324228,-8.994111392999999],[-64.143433366,-8.953532366],[-63.62124913599999,-7.976531747999999],[-62.866616572,-7.975868296999999],[-62.124971743,-8.801671149],[-61.71327416299999,-8.68785275],[-61.46850495200001,-8.917367919],[-61.63334594899999,-9.270584324],[-61.550257873,-10.986094650999998],[-59.983900821,-11.116275722999998],[-60.108775597000005,-11.839579220999997],[-59.77435743099999,-12.340955864999998],[-60.709314888,-13.693003363999997],[-61.014924399,-13.487536158999998],[-61.841094091,-13.548913865999998],[-62.170484933,-13.113922619],[-62.779097464999985,-13.009573506999999],[-63.15838439000001,-12.614135596999999],[-64.286724167,-12.502953115],[-65.03052666199999,-11.996604901],[-65.30983941399998,-11.490559538999998]]]}},{"type":"Feature","properties":{"sigla":"AC","nome":"Acre","regiao":"Norte"},"geometry":{"type":"Polygon","coordinates":[[[-71.077720096,-9.827740411999999],[-72.18045277299998,-9.999999996000001],[-72.35447491699999,-9.495469182999999],[-73.211897214,-9.411669449999996],[-72.936312846,-8.989488227000002],[-73.98333935999999,-7.566191942999999],[-73.69980922399999,-7.303908716999999],[-73.801558115,-7.111824379],[-72.584765622,-7.552004229000001],[-70.054979349,-7.845149145999999],[-68.647186432,-9.049416564999996],[-66.62359421699999,-9.904621184999998],[-68.716119596,-11.145561467000002],[-69.416878872,-10.925355993],[-70.621006622,-10.999641141999998],[-70.494704977,-9.424074007999998],[-71.077720096,-9.827740411999999]]]}},{"type":"Feature","properties":{"sigla":"AM","nome":"Amazonas","regiao":"Norte"},"geometry":{"type":"Polygon","coordinates":[[[-70.032778914,-4.355167515999999],[-69.39570948,-1.13260118],[-69.61546859,-0.506303108],[-70.057433213,-0.18677651199999998],[-70.043565538,0.5588281360000001],[-69.115158964,0.649841941],[-69.265355974,1.0643608579999995],[-69.84437663899999,1.0853793270000003],[-69.842545441,1.72077485],[-68.156812667,1.7316352949999998],[-68.208677789,1.9615846179999996],[-67.941294835,1.830730921],[-67.41026150199998,2.246630561],[-67.097381573,1.7326009099999997],[-67.088160239,1.166896708],[-66.85693312299999,1.230206253],[-66.316479517,0.7361420549999999],[-65.58555828,1.008934581],[-65.540531391,0.6487899840000001],[-65.10308582899998,1.15665641],[-64.397467369,1.526836236],[-64.33802213,1.363523484],[-63.975523777999996,1.9913058730000002],[-63.372089104,2.21186165],[-62.722285295000006,1.9560914639999996],[-62.80528233299999,1.591345664],[-62.47162089,1.086281634],[-62.533008617,0.5088083589999999],[-62.186912903,-0.325592985],[-62.51023773800001,-0.758968533],[-61.48273645199998,-1.5806331060000003],[-61.62884952400001,-1.3014677749999999],[-61.433507102,-0.6330326029999999],[-61.09751992499999,-0.49900589400000006],[-60.536209758999995,-0.869476033],[-60.03796864599999,0.26354551699999995],[-58.89546481899998,0.263510276],[-58.87309522200001,-0.34372112899999996],[-58.321264625,-1.1456232199999998],[-58.01733207099999,-1.103608487],[-57.957877098,-1.403462092],[-57.16677291,-1.7188334219999999],[-56.689851350999994,-2.2089402539999994],[-56.098173196000005,-2.02693902],[-58.478471187,-6.699613640999998],[-58.136999893,-7.356408115],[-58.44286787,-8.799399103],[-61.71327416299999,-8.68785275],[-61.985221897,-8.878606299],[-62.845055743,-7.986531251],[-63.62124913599999,-7.976531747999999],[-64.149452204,-8.958937180999998],[-64.839324228,-8.994111392999999],[-65.097849986,-9.432515837],[-65.24666142999999,-9.257663551999999],[-65.79152196300001,-9.585644437],[-66.408858419,-9.406946622],[-66.810253112,-9.818045875],[-68.647186432,-9.049416564999996],[-70.054979349,-7.845149145999999],[-72.584765622,-7.552004229000001],[-73.801558115,-7.111824379],[-73.13841613899999,-6.497976417],[-73.23746863899999,-6.032191044],[-72.873071542,-5.156072505999999],[-71.88290153300001,-4.516178325],[-70.943207871,-4.386114945000001],[-70.65349934999999,-4.1271950319999995],[-70.032778914,-4.355167515999999]]]}},{"type":"Feature","properties":{"sigla":"RR","nome":"Roraima","regiao":"Norte"},"geometry":{"type":"Polygon","coordinates":[[[-63.95933857,2.467631046],[-64.19625088899998,3.5788960739999998],[-64.799693215,4.284068038000001],[-63.96580507399999,3.8682290089999993],[-63.207745408,3.952396666],[-62.960243133000006,3.6076781249999996],[-62.464124041,4.1773990219999995],[-61.930794006,4.103225710999999],[-60.997879722,4.515604722],[-60.58995724099999,4.931011993999999],[-60.72328792900001,5.219893634999998],[-60.13606169999999,5.249062267999999],[-59.970246742,5.063080255],[-60.161496115,4.517764007000001],[-59.670796115,4.376564007],[-59.51590257000001,3.9455893390000005],[-59.87269864900001,3.563843968],[-59.972609815,2.595730349],[-59.69022250300001,1.7562985829999997],[-58.886884395,1.2601932789999999],[-58.89546481899998,0.263510276],[-60.03796864599999,0.26354551699999995],[-60.536209758999995,-0.869476033],[-61.09751992499999,-0.49900589400000006],[-61.433507102,-0.6330326029999999],[-61.62884952400001,-1.3014677749999999],[-61.48273645199998,-1.5806331060000003],[-62.51023773800001,-0.758968533],[-62.186912903,-0.325592985],[-62.533008617,0.5088083589999999],[-62.47162089,1.086281634],[-62.80528233299999,1.591345664],[-62.706029406,1.939723205],[-63.35979117199999,2.197101555],[-63.414678271,2.454231595],[-63.95933857,2.467631046]]]}},{"type":"Feature","properties":{"sigla":"PA","nome":"Pará","regiao":"Norte"},"geometry":{"type":"MultiPolygon","coordinates":[[[[-51.423669527,-0.436611184],[-50.226085739,0.696237153],[-50.02915143199999,0.5780597199999999],[-50.167818884999996,0.340290841],[-49.503175136,0.371678658],[-49.699578385,0.15050509999999998],[-49.37491528,0.044399326],[-49.394176063,-0.19094614199999996],[-48.39691039099999,-0.251634121],[-48.51218031,-0.759688606],[-48.423887869,-0.9006478920000001],[-48.293770785,-0.919676531],[-47.97946826,-0.6894433419999999],[-47.916577455,-0.622099913],[-47.907093550999996,-0.6005653349999998],[-47.91428589,-0.563607918],[-47.84058273699999,-0.6827756830000001],[-47.703878386,-0.534575983],[-47.62912475899999,-0.707273843],[-47.29628740500001,-0.5957481389999999],[-46.94121147799999,-0.8692434820000001],[-46.849599159,-0.73939035],[-46.636408539,-0.9690785390000001],[-46.577485169,-0.9815032330000001],[-46.42610822499999,-0.865753913],[-46.480837651,-0.9212566539999997],[-46.462613439,-0.9390066129999999],[-46.49530916799999,-0.9746217810000002],[-46.476051913999996,-1.0163911970000001],[-46.43893821399999,-1.027557713],[-46.39893754799999,-0.9965314969999998],[-46.381659855,-1.0263708279999997],[-46.321360225999996,-1.024663201],[-46.204048199,-0.884912726],[-46.23947703599999,-1.1012324549999999],[-46.06997228899999,-1.0356438609999996],[-46.41933361499999,-2.532425065],[-47.085205117,-3.856640016000001],[-47.61194188099999,-4.557357881],[-48.755150737,-5.349165407999999],[-48.134565503,-5.635445045999999],[-48.38267926499999,-6.379607884],[-49.20952811299999,-6.925420569],[-49.28332405199999,-8.379557209],[-50.224806382,-9.841153476999999],[-56.761108748,-9.404999402999998],[-57.59293892099999,-8.756476971999996],[-57.645610864999995,-8.206291515999999],[-58.479335761,-6.707413202999999],[-56.098173196000005,-2.02693902],[-56.689851350999994,-2.2089402539999994],[-57.16677291,-1.7188334219999999],[-57.957877098,-1.403462092],[-58.01733207099999,-1.103608487],[-58.421728504999976,-1.0385333410000002],[-58.874316816,-0.339323469],[-58.895498082,1.2287814239999995],[-58.496327226000005,1.2680153259999998],[-58.322468053,1.597072353],[-57.553321417,1.692508026],[-57.30440618499998,1.997541639],[-55.983288619999996,1.8356048539999996],[-56.138952171,2.265833275],[-55.978313875,2.5274219389999995],[-54.954306696,2.5836924229999996],[-54.744779072,1.775800778],[-53.42652075499999,1.2427209710000002],[-52.42704012499999,-1.0507949279999997],[-51.788458813999995,-1.147605313],[-51.423669527,-0.436611184]]],[[[-48.428518219,-0.807884216],[-48.430380298,-0.805512218],[-48.427446889,-0.8054357079999999],[-48.428518219,-0.807884216]]],[[[-47.992273694,-0.6845215779999999],[-47.99642626299999,-0.681552352],[-47.995148219,-0.6784564999999999],[-47.992273694,-0.6845215779999999]]],[[[-48.016176284,-0.66935243],[-48.007119804,-0.678500375],[-48.011364546,-0.6851800489999998],[-48.016176284,-0.66935243]]],[[[-47.970807603,-0.654968567],[-47.98232612700001,-0.6733294899999999],[-47.975051621999995,-0.648663255],[-47.970807603,-0.654968567]]],[[[-47.909707522999994,-0.6006859779999999],[-47.920857677,-0.5945326909999998],[-47.918316413,-0.5894929929999999],[-47.909707522999994,-0.6006859779999999]]],[[[-47.913981121999996,-0.584378782],[-47.921909486,-0.5806263720000001],[-47.920916022,-0.576522932],[-47.913981121999996,-0.584378782]]],[[[-48.915633549,-0.151286433],[-48.872613482999995,-0.200124309],[-48.947534987,-0.20683272299999997],[-48.915633549,-0.151286433]]],[[[-48.968333273999995,-0.189191454],[-48.986728269,-0.17999275],[-48.986292274,-0.171082879],[-48.968333273999995,-0.189191454]]],[[[-48.943039985,-0.18099379899999998],[-48.94462663,-0.171055423],[-48.937879925,-0.17124577200000002],[-48.943039985,-0.18099379899999998]]],[[[-48.746768847999995,-0.17051559600000002],[-48.770681317999994,-0.17785106699999997],[-48.754808309,-0.16380804],[-48.746768847999995,-0.17051559600000002]]],[[[-48.731416773,-0.17219127899999997],[-48.736637181,-0.171037491],[-48.73403347499999,-0.16772186099999997],[-48.731416773,-0.17219127899999997]]],[[[-48.977048556,-0.17232668099999998],[-48.974956608999996,-0.16682878899999998],[-48.975156088,-0.171988137],[-48.977048556,-0.17232668099999998]]],[[[-49.124073110000005,-0.15932441399999997],[-49.15113839399999,-0.135751833],[-49.122735049,-0.145130031],[-49.124073110000005,-0.15932441399999997]]],[[[-49.476907069,0.148206434],[-49.502367345,0.11738473099999999],[-49.50690655799999,0.126591753],[-49.476907069,0.148206434]]],[[[-49.63285808199999,0.19450004399999998],[-49.65345723299999,0.145035482],[-49.678496622,0.16313200799999997],[-49.63285808199999,0.19450004399999998]]],[[[-49.568349552,0.181005458],[-49.564817917999996,0.206079918],[-49.554929342,0.206433079],[-49.568349552,0.181005458]]],[[[-49.618080172,0.199240556],[-49.6021381,0.242767929],[-49.557818426999994,0.24386376799999998],[-49.618080172,0.199240556]]],[[[-46.43675768,-1.0184528149999998],[-46.437226225,-1.019143884],[-46.437538355,-1.018920806],[-46.43675768,-1.0184528149999998]]],[[[-46.43861952999999,-1.0183163589999997],[-46.43897335999999,-1.0177754929999998],[-46.437507001,-1.0178435250000002],[-46.43861952999999,-1.0183163589999997]]],[[[-46.375009983,-1.020113196],[-46.385651665999994,-1.0060259169999999],[-46.377196085,-1.0019712],[-46.375009983,-1.020113196]]],[[[-46.43423401999999,-1.015269535],[-46.443614446999995,-1.010011783],[-46.43254583699999,-1.006110959],[-46.43423401999999,-1.015269535]]],[[[-46.440478621,-1.006042119],[-46.436633295,-1.004276807],[-46.440676651,-1.006451906],[-46.440478621,-1.006042119]]],[[[-46.48274585699999,-0.9712466],[-46.480714766,-0.973803564],[-46.48620795099999,-0.9728926139999998],[-46.48274585699999,-0.9712466]]],[[[-46.305621975,-0.9978309620000001],[-46.339182973999996,-0.9568554750000001],[-46.31609064799999,-0.9345823260000001],[-46.305621975,-0.9978309620000001]]],[[[-46.47115051099999,-0.9689004720000003],[-46.471157111,-0.9653065559999999],[-46.46867723399999,-0.963915104],[-46.47115051099999,-0.9689004720000003]]],[[[-46.406832962,-0.9682707230000002],[-46.41645730399999,-0.943116663],[-46.40489822199999,-0.942544948],[-46.406832962,-0.9682707230000002]]],[[[-46.606385460999995,-0.9551473020000001],[-46.626846941,-0.9592360749999997],[-46.606877086,-0.9399446080000001],[-46.606385460999995,-0.9551473020000001]]],[[[-46.144458556,-0.947902641],[-46.152133893,-0.925229649],[-46.13839786999999,-0.9255737489999998],[-46.144458556,-0.947902641]]],[[[-46.456200488,-0.9086493239999998],[-46.462003003,-0.9080865329999998],[-46.456428255,-0.9068136220000002],[-46.456200488,-0.9086493239999998]]],[[[-46.722111481,-0.782577506],[-46.723737173,-0.7900365009999999],[-46.729335606999996,-0.783111811],[-46.722111481,-0.782577506]]],[[[-47.840006458999994,-0.6586995359999999],[-47.846523218,-0.6650852619999998],[-47.84131402799999,-0.655932319],[-47.840006458999994,-0.6586995359999999]]],[[[-47.834764839,-0.65902789],[-47.83817114499999,-0.657019665],[-47.835850554,-0.655482392],[-47.834764839,-0.65902789]]],[[[-47.82907517099999,-0.6337296159999999],[-47.826817786999996,-0.6437550739999999],[-47.827176093999995,-0.648774133],[-47.82907517099999,-0.6337296159999999]]],[[[-47.85413101799999,-0.6385327819999999],[-47.85128269999999,-0.6348561399999998],[-47.854555187,-0.640056314],[-47.85413101799999,-0.6385327819999999]]]]}},{"type":"Feature","properties":{"sigla":"AP","nome":"Amapá","regiao":"Norte"},"geometry":{"type":"MultiPolygon","coordinates":[[[[-53.27655348,2.188161551],[-52.660581013999995,2.373973787],[-51.656065392,4.053905147999998],[-51.652352725,4.486044055],[-51.394226546,4.364976784],[-51.08303094199999,3.89495119],[-50.68186679299999,2.13340279],[-50.444838844,1.8150358189999996],[-49.923885086000006,1.6934495569999999],[-49.884670012,1.047137691],[-51.21636285899999,-0.118612786],[-51.80909633500001,-1.157101134],[-52.42704012499999,-1.0507949279999997],[-53.42652075499999,1.2427209710000002],[-54.744779072,1.775800778],[-54.87625018,2.426694446],[-54.18907911899999,2.178827492999999],[-53.343908087,2.355034006],[-53.27655348,2.188161551]]],[[[-50.521230222999996,2.005429099],[-50.316943355999996,1.9553956180000003],[-50.425508237,1.867017231],[-50.521230222999996,2.005429099]]],[[[-50.50765961100001,2.099890788],[-50.440930797,2.166513138],[-50.422633479999995,2.118462411],[-50.50765961100001,2.099890788]]]]}},{"type":"Feature","properties":{"sigla":"TO","nome":"Tocantins","regiao":"Norte"},"geometry":{"type":"Polygon","coordinates":[[[-48.67091273399999,-6.66900444],[-48.13815199399999,-5.602690142999999],[-48.75457903499999,-5.359683575999999],[-48.529767752,-5.196616693999999],[-47.500120459,-5.525604845],[-47.377235774999995,-6.266768312],[-47.74982577,-7.195261747999999],[-47.04558564599999,-8.053090700999999],[-46.608820537,-7.892941371],[-46.46578349,-8.069082206],[-47.07055163999999,-9.061954214],[-46.560975945,-9.484032968],[-46.647419942,-9.730350401],[-46.36788952999999,-10.168814146000003],[-45.92224007499999,-10.370929797999997],[-45.701977334999995,-10.179350374],[-46.576509606,-11.342277317],[-46.080894205999996,-11.624011156999998],[-46.384870413,-11.625204362999996],[-46.180039834,-11.907091152999998],[-46.479799657,-12.047359076999998],[-46.198212966999996,-12.503958812999999],[-46.330076297,-12.95785168],[-46.11296496799999,-12.918010432000003],[-46.364403859,-12.990742857000003],[-46.417984759,-12.822436733],[-47.426127484999995,-13.289979877000002],[-47.633644987,-13.101179886],[-47.67974837199999,-13.468174782999998],[-48.143659158999995,-13.152472547],[-48.586089797999996,-13.321600521999999],[-48.856872792,-12.804357504],[-49.237655196999995,-12.883786133],[-49.368315906999996,-13.272301371999998],[-50.29284271699999,-12.838469361],[-50.141802000999995,-12.395395619999997],[-50.510981069,-12.86089831],[-50.70648878499999,-12.609701004999998],[-50.60289774999999,-10.65823398],[-50.04097981499999,-9.294419239],[-49.276243914999995,-8.363683835999998],[-49.20952811299999,-6.925420569],[-48.67091273399999,-6.66900444]]]}},{"type":"Feature","properties":{"sigla":"MA","nome":"Maranhão","regiao":"Nordeste"},"geometry":{"type":"MultiPolygon","coordinates":[[[[-47.085205117,-3.856640016000001],[-46.149263643,-1.2260021420000002],[-45.978345599,-1.049328121],[-45.983661961,-1.11140256],[-45.9539761,-1.202193137],[-45.86056101999999,-1.049709522],[-45.912074860999994,-1.1663413029999998],[-45.862774473,-1.212663608],[-45.689899303,-1.2736014180000002],[-45.648062533,-1.2369722169999995],[-45.629887725,-1.1236289849999999],[-45.636787177,-1.281191777],[-45.512441964000004,-1.3780868049999997],[-45.41412308,-1.2974724369999997],[-45.482488465,-1.478579345],[-45.30861958599999,-1.332917284],[-45.334755004,-1.594314806],[-44.860448224,-1.4112960319999999],[-44.830547019,-1.4346279950000003],[-44.918265609,-1.5390393759999998],[-44.90579936,-1.6046657129999997],[-44.657098534999996,-1.587750655],[-44.799795983,-1.7042930909999998],[-44.481253734999996,-1.9868997190000004],[-44.57599431,-2.0241435439999997],[-44.68208044299999,-2.2721153829999996],[-44.46377765399999,-2.144297921],[-44.357905046999996,-2.336858049],[-44.498447325,-2.425880622],[-44.626804326999995,-2.702679428999999],[-44.679448106,-2.979084274],[-44.597153763,-3.040047758],[-44.506951748999995,-3.0328255109999995],[-44.424817549,-2.943933927],[-44.30456901699999,-2.4875060149999997],[-44.030837487,-2.407015288],[-44.26603848,-2.7579820219999998],[-44.09491292599999,-2.7532500349999998],[-43.627210474,-2.2512336640000004],[-43.767823599,-2.493908137],[-43.692510977,-2.520543256],[-43.651598961999994,-2.4818220239999995],[-43.62196561199999,-2.510199337],[-43.57979433,-2.4586428059999994],[-43.58055134,-2.507051245],[-43.528455259,-2.418720594],[-43.50867777399999,-2.476115133],[-43.46147934299999,-2.486344014],[-43.291927148,-2.3431052509999994],[-42.338606357,-2.7491508260000006],[-41.807247501999996,-2.730040289],[-41.796069069999994,-2.9575047309999993],[-42.201731929,-3.4313406869999996],[-42.503319022,-3.4506070729999996],[-42.986434964,-4.220480504],[-42.798993601,-5.189678073],[-43.098009255,-5.6247721],[-42.919931394,-6.671008128],[-44.033393276,-6.7604040759999995],[-44.688640993,-7.394908847],[-45.45960061,-7.672803452],[-45.995089302,-8.926991553999999],[-45.78343530899999,-9.479477094],[-46.002971308,-10.261764702],[-46.36788952999999,-10.168814146000003],[-46.647419942,-9.730350401],[-46.560975945,-9.484032968],[-47.07055163999999,-9.061954214],[-46.489221304,-7.987504654],[-47.04558564599999,-8.053090700999999],[-47.74982577,-7.195261747999999],[-47.377235774999995,-6.266768312],[-47.500120459,-5.525604845],[-48.363909815,-5.168380515],[-48.755150737,-5.349165407999999],[-47.61194188099999,-4.557357881],[-47.085205117,-3.856640016000001]]],[[[-45.141572341,-1.4774603],[-45.143143315,-1.4754706360000003],[-45.141562057,-1.4713951809999999],[-45.141572341,-1.4774603]]],[[[-45.097361885,-1.4503308949999998],[-45.09893186899999,-1.4452776039999997],[-45.095995726,-1.4500580449999998],[-45.097361885,-1.4503308949999998]]],[[[-45.103017227,-1.464153326],[-45.124155733,-1.4389307669999998],[-45.110591901,-1.4219010629999997],[-45.103017227,-1.464153326]]],[[[-45.070391636,-1.438011222],[-45.07492792,-1.45963201],[-45.08085251,-1.4289045859999998],[-45.070391636,-1.438011222]]],[[[-45.08854833299999,-1.4439019770000001],[-45.094448185999994,-1.4247618460000002],[-45.087853841000005,-1.4224200930000002],[-45.08854833299999,-1.4439019770000001]]],[[[-45.41944638999999,-1.413372899],[-45.40447508799999,-1.401084797],[-45.413866123,-1.4207705649999998],[-45.41944638999999,-1.413372899]]],[[[-45.071723033,-1.3734091699999997],[-45.101052161,-1.4330289729999999],[-45.10288950500001,-1.421663209],[-45.081862785,-1.377283417],[-45.071723033,-1.3734091699999997]]],[[[-45.09394133699999,-1.3797792999999998],[-45.111187172,-1.412829734],[-45.114906595,-1.3630994739999998],[-45.09394133699999,-1.3797792999999998]]],[[[-45.497387121,-1.3596172599999998],[-45.50062269099999,-1.3530479889999996],[-45.49592077,-1.3462074969999998],[-45.497387121,-1.3596172599999998]]],[[[-45.491872688,-1.3483684729999996],[-45.488123988,-1.3398732460000002],[-45.487005354999994,-1.3396966799999999],[-45.491872688,-1.3483684729999996]]],[[[-45.576057629,-1.262205349],[-45.569624469999994,-1.270479795],[-45.573044458,-1.273750982],[-45.576057629,-1.262205349]]],[[[-45.650395235999994,-1.229101471],[-45.649312706,-1.2335651949999997],[-45.65217285899999,-1.23457732],[-45.650395235999994,-1.229101471]]],[[[-45.668047797,-1.243651518],[-45.710747973,-1.226574378],[-45.688015079,-1.18365369],[-45.668047797,-1.243651518]]],[[[-45.5321908,-1.220545064],[-45.59593453699999,-1.2417992580000001],[-45.576258655,-1.192782596],[-45.5321908,-1.220545064]]],[[[-45.773424886,-1.19436339],[-45.768292177999996,-1.191052526],[-45.769020967,-1.196219863],[-45.773424886,-1.19436339]]],[[[-45.956139246999996,-1.187040738],[-45.95348894199999,-1.1872218589999999],[-45.95589060299999,-1.191728274],[-45.956139246999996,-1.187040738]]],[[[-45.904456636999996,-1.1635807610000002],[-45.892401166,-1.150481067],[-45.898745622999996,-1.1593647099999997],[-45.904456636999996,-1.1635807610000002]]],[[[-45.604382961,-1.1593340019999998],[-45.610643786,-1.153807707],[-45.606506645,-1.1501560549999998],[-45.604382961,-1.1593340019999998]]],[[[-45.80498729499999,-1.1451032989999999],[-45.827837418,-1.128710766],[-45.80781830699999,-1.1244695890000003],[-45.80498729499999,-1.1451032989999999]]],[[[-46.01427889099999,-1.072024736],[-46.010174206,-1.075824355],[-46.016919821,-1.0782774389999998],[-46.01427889099999,-1.072024736]]],[[[-44.65915912599999,-2.9707421190000005],[-44.667023643,-2.9726175779999995],[-44.661086838,-2.957030649],[-44.65915912599999,-2.9707421190000005]]],[[[-44.62308903099999,-2.9376184409999997],[-44.628291692,-2.932651423],[-44.620959466,-2.9264052709999997],[-44.62308903099999,-2.9376184409999997]]],[[[-44.640056687,-2.9235636919999997],[-44.664321754999996,-2.928322063],[-44.640800336,-2.9148320560000003],[-44.640056687,-2.9235636919999997]]],[[[-44.58805232,-2.8187003949999996],[-44.47902043399999,-2.9578603289999994],[-44.582777733,-3.0318233870000006],[-44.58805232,-2.8187003949999996]]],[[[-44.591332343999994,-2.878072208],[-44.58831719799999,-2.866876137999999],[-44.58800794,-2.8666742369999993],[-44.591332343999994,-2.878072208]]],[[[-44.428173439999995,-2.4201161450000006],[-44.41998748599999,-2.41659488],[-44.42422476099999,-2.428455988],[-44.428173439999995,-2.4201161450000006]]],[[[-44.467891075,-2.077117749],[-44.46968499799999,-2.067964444],[-44.465555148,-2.0708369],[-44.467891075,-2.077117749]]],[[[-44.539549957999995,-2.020092454999999],[-44.538609327,-2.02305398],[-44.54147786499999,-2.020988441],[-44.539549957999995,-2.020092454999999]]],[[[-44.738472571,-1.6790913290000002],[-44.74379592999999,-1.6988688480000003],[-44.75794954599999,-1.689338541],[-44.738472571,-1.6790913290000002]]],[[[-44.747436463,-1.6799895119999997],[-44.74711878899999,-1.677287535],[-44.745119224,-1.678311302],[-44.747436463,-1.6799895119999997]]],[[[-44.729213346,-1.658692779],[-44.741582914,-1.6691158390000003],[-44.742153081999994,-1.6667932200000002],[-44.729213346,-1.658692779]]],[[[-44.780509036000005,-1.5760324449999996],[-44.785343630999996,-1.575856646],[-44.780156927,-1.574011791],[-44.780509036000005,-1.5760324449999996]]],[[[-44.829017251,-1.5680405269999997],[-44.839111128999996,-1.557486034],[-44.82439740699999,-1.562770875],[-44.829017251,-1.5680405269999997]]],[[[-44.751614242,-1.535000113],[-44.74820629999999,-1.569175938],[-44.762603649,-1.580023148],[-44.751614242,-1.535000113]]],[[[-44.89498044399999,-1.5300256659999998],[-44.898370512,-1.530598846],[-44.896301461,-1.52795609],[-44.89498044399999,-1.5300256659999998]]],[[[-44.794998928999995,-1.512898212],[-44.836590638,-1.5427916429999997],[-44.78062128,-1.47860615],[-44.774389672,-1.4873043519999998],[-44.794998928999995,-1.512898212]]],[[[-44.742328888,-1.4926993619999995],[-44.750678148999995,-1.5172857619999995],[-44.794689295,-1.5237136019999997],[-44.77218497999999,-1.4858596899999998],[-44.78989893499999,-1.4663233849999997],[-44.742328888,-1.4926993619999995]]],[[[-44.868536873,-1.492916144],[-44.871992504999994,-1.4912954639999998],[-44.863803004,-1.4917713459999997],[-44.868536873,-1.492916144]]],[[[-44.870501485,-1.487439812],[-44.86975816999999,-1.488522077],[-44.871382284999996,-1.489062962],[-44.870501485,-1.487439812]]],[[[-45.03942753399999,-1.3881698559999998],[-45.050054157,-1.3696071679999997],[-45.047724966,-1.3661901129999998],[-45.03942753399999,-1.3881698559999998]]],[[[-45.03084211099999,-1.321200974],[-44.86739091199999,-1.3296053449999998],[-45.006744254,-1.3998824029999999],[-45.03084211099999,-1.321200974]]],[[[-44.411686691999996,-2.797270904],[-44.413592618,-2.796734005],[-44.412598861999996,-2.79566484],[-44.411686691999996,-2.797270904]]],[[[-44.096353842,-2.7507008910000006],[-44.09443968499999,-2.7502447639999996],[-44.096191817,-2.750858982],[-44.096353842,-2.7507008910000006]]],[[[-44.092324483,-2.746797576],[-44.093731188999996,-2.747545108],[-44.093664077999996,-2.7468867219999997],[-44.092324483,-2.746797576]]],[[[-44.37381295200001,-2.577454021],[-44.37467425999999,-2.5781953879999997],[-44.374939319,-2.57759969],[-44.37381295200001,-2.577454021]]],[[[-44.364799063,-2.5452847529999993],[-44.365705161,-2.542549851],[-44.36382339099999,-2.544174349],[-44.364799063,-2.5452847529999993]]],[[[-44.365741557999996,-2.539919022],[-44.36558304199999,-2.5386363779999996],[-44.365121552,-2.5397545780000006],[-44.365741557999996,-2.539919022]]],[[[-44.363386238,-2.5198779539999996],[-44.370740534,-2.528021794],[-44.372587818,-2.521625919],[-44.363386238,-2.5198779539999996]]],[[[-44.359844237999994,-2.522876386],[-44.359531973,-2.5236507799999996],[-44.360285624999996,-2.5232958839999995],[-44.359844237999994,-2.522876386]]],[[[-43.680973677,-2.506794319],[-43.678918045,-2.506488888],[-43.680820448,-2.5084677149999997],[-43.680973677,-2.506794319]]],[[[-43.71089627599999,-2.4834555209999998],[-43.710199192999994,-2.4849235299999997],[-43.710892453,-2.485183644],[-43.71089627599999,-2.4834555209999998]]],[[[-43.464432971,-2.4846579979999994],[-43.473511417000005,-2.473776351],[-43.47036293299999,-2.4702339609999995],[-43.464432971,-2.4846579979999994]]],[[[-43.853647231,-2.473169593],[-43.853743447,-2.4693306279999994],[-43.85205635,-2.4690448069999995],[-43.853647231,-2.473169593]]],[[[-43.851038726999995,-2.465570242],[-43.851700054,-2.4682036689999998],[-43.850869066,-2.4635873189999997],[-43.851038726999995,-2.465570242]]],[[[-43.85583866999999,-2.4481317850000006],[-43.85528522,-2.4498894099999995],[-43.856742619,-2.449744999],[-43.85583866999999,-2.4481317850000006]]],[[[-43.853028341999995,-2.4205642859999994],[-43.855547194,-2.4425346779999995],[-43.870275308,-2.445500792999999],[-43.853028341999995,-2.4205642859999994]]],[[[-43.788563925,-2.415852744],[-43.789028469,-2.415192781],[-43.78816181599999,-2.4151665129999995],[-43.788563925,-2.415852744]]],[[[-43.786960731,-2.3774446239999993],[-43.762037265,-2.377998937],[-43.788406872,-2.4147226379999993],[-43.786960731,-2.3774446239999993]]],[[[-43.558057975,-2.355496194],[-43.573540550999994,-2.4253978699999994],[-43.612879678,-2.37849227],[-43.558057975,-2.355496194]]],[[[-43.506624284999994,-2.3839977829999994],[-43.537217715999994,-2.405635805],[-43.524796435999995,-2.3700958159999996],[-43.506624284999994,-2.3839977829999994]]]]}},{"type":"Feature","properties":{"sigla":"PI","nome":"Piauí","regiao":"Nordeste"},"geometry":{"type":"Polygon","coordinates":[[[-42.91509388299999,-6.647954446],[-42.82948458399999,-6.334221445],[-43.099558151,-5.903574542],[-42.798993601,-5.189678073],[-42.986434964,-4.220480504],[-42.503319022,-3.4506070729999996],[-41.935561166999996,-3.1835538049999994],[-41.794440832999996,-2.749937696],[-41.248131325,-3.0258914579999994],[-41.42351800899999,-3.3680065219999995],[-41.09088560199999,-4.170331831999999],[-41.249573827,-4.869690197],[-40.925607369999994,-5.176853369],[-40.731465567,-6.6569680369999995],[-40.37050976199999,-6.803070419999998],[-40.715141029,-7.481414651000002],[-40.58969842199999,-8.138808338],[-41.913856036,-9.277076849],[-42.799792087,-9.622503118],[-43.451782157,-9.262262868],[-43.769728807,-9.442051245],[-43.66282713499999,-10.011815514],[-44.13926402399999,-10.639884323999997],[-44.584904372,-10.629350885],[-44.931217945,-10.928756349],[-45.358218967,-10.732207538999997],[-45.593227427,-10.110297],[-45.971114919,-10.358939314999999],[-45.78343530899999,-9.479477094],[-45.995089302,-8.926991553999999],[-45.45960061,-7.672803452],[-44.688640993,-7.394908847],[-44.05337072099999,-6.768308814000001],[-42.91509388299999,-6.647954446]]]}},{"type":"Feature","properties":{"sigla":"CE","nome":"Ceará","regiao":"Nordeste"},"geometry":{"type":"Polygon","coordinates":[[[-41.182915325,-4.017965155],[-41.42351800899999,-3.3680065219999995],[-41.322668259,-2.921207833],[-39.994625245,-2.839547029],[-38.460302514999995,-3.705064020999999],[-37.28608534499999,-4.743244377999999],[-37.640338093,-4.926404372999999],[-38.163779768999994,-5.945443411],[-38.57954566299999,-6.279626403999999],[-38.765107309,-6.9932253809999985],[-38.53458687599999,-7.293793047],[-38.96285946999999,-7.844816396999998],[-39.706188883,-7.337761187],[-40.523723229,-7.318450456],[-40.37050976199999,-6.803070419999998],[-40.790561367,-6.518701248],[-40.925607369999994,-5.176853369],[-41.249573827,-4.869690197],[-41.182915325,-4.017965155]]]}},{"type":"Feature","properties":{"sigla":"RN","nome":"Rio Grande do Norte","regiao":"Nordeste"},"geometry":{"type":"MultiPolygon","coordinates":[[[[-38.577075353999994,-6.347427537],[-37.640338093,-4.926404372999999],[-35.617551563,-5.113794897999999],[-35.259584304,-5.481713782],[-34.968457928,-6.487199868],[-36.394561407999994,-6.293974775999999],[-36.718553882,-6.9827348119999995],[-36.835029624,-6.731070935],[-37.484699542,-6.7100373740000006],[-37.231860241,-6.027594927999998],[-38.117057390999996,-6.522668523999999],[-38.577075353999994,-6.347427537]]],[[[-37.044124583999995,-4.818541392],[-37.04575276599999,-4.816679574],[-37.04482887399999,-4.816359188],[-37.044124583999995,-4.818541392]]]]}},{"type":"Feature","properties":{"sigla":"PB","nome":"Paraíba","regiao":"Nordeste"},"geometry":{"type":"MultiPolygon","coordinates":[[[[-34.797995183999994,-7.362775073999998],[-34.79785435600001,-7.363118911],[-34.798163655,-7.362979567999998],[-34.797995183999994,-7.362775073999998]]],[[[-34.79895895999999,-7.362565047],[-34.798938261,-7.362373529999999],[-34.79873311899999,-7.362482791],[-34.79895895999999,-7.362565047]]],[[[-34.798897039,-7.3606689549999995],[-34.798879486,-7.360486342],[-34.798757047,-7.360625292999998],[-34.798897039,-7.3606689549999995]]],[[[-34.795587123,-7.349791626999998],[-34.795949744,-7.348995789000001],[-34.795491332999994,-7.348562546],[-34.795587123,-7.349791626999998]]],[[[-34.797571893,-7.348844895999999],[-34.797282657000004,-7.348506177],[-34.797130794999994,-7.348581352000001],[-34.797571893,-7.348844895999999]]],[[[-38.53458687599999,-7.293793047],[-38.57607531,-6.362691935999998],[-38.117057390999996,-6.522668523999999],[-37.231860241,-6.027594927999998],[-37.484699542,-6.7100373740000006],[-36.835029624,-6.731070935],[-36.718553882,-6.9827348119999995],[-36.394561407999994,-6.293974775999999],[-34.971026991,-6.485396871],[-34.80389890699999,-7.471272040000001],[-35.248594676,-7.374779551999999],[-35.532811956,-7.654817569999999],[-36.424047568,-7.815778198999999],[-36.991156284000006,-8.302955050999998],[-37.357368463,-7.974955981999998],[-37.025623399,-7.386044158],[-37.330585745,-7.288283505000001],[-38.27545422099999,-7.834241174000001],[-38.715112949,-7.621919511],[-38.53458687599999,-7.293793047]]],[[[-34.86795188,-6.988036702999999],[-34.84719503899999,-6.983808457999999],[-34.859019483,-7.015346409999999],[-34.86795188,-6.988036702999999]]]]}},{"type":"Feature","properties":{"sigla":"PE","nome":"Pernambuco","regiao":"Nordeste"},"geometry":{"type":"MultiPolygon","coordinates":[[[[-35.02569133,-8.613483669],[-35.020003113,-8.612506383999998],[-35.021395016,-8.615855975999997],[-35.02569133,-8.613483669]]],[[[-34.957708610999994,-8.375325254],[-34.966009576,-8.387414541],[-34.964896329,-8.372395114],[-34.957708610999994,-8.375325254]]],[[[-37.957141099999994,-7.761809298000001],[-37.330585745,-7.288283505000001],[-37.025623399,-7.386044158],[-37.357368463,-7.974955981999998],[-36.991156284000006,-8.302955050999998],[-36.424047568,-7.815778198999999],[-35.532811956,-7.654817569999999],[-35.248594676,-7.374779551999999],[-34.806690724,-7.620428367999998],[-35.152651355,-8.913856027999998],[-35.89620057,-8.854268297],[-36.603624979,-9.34151251],[-36.955464647,-9.381251129],[-37.75536189,-8.846363685],[-38.237590046,-9.329794524],[-38.48080982500001,-8.849326121999999],[-38.65372669199999,-8.983900038999998],[-39.379793561,-8.532820571],[-40.628100649,-9.482689762],[-40.919237104,-8.837177041999999],[-41.358336184,-8.707620178],[-40.58969842199999,-8.138808338],[-40.71553648399999,-7.484437275000001],[-40.523723229,-7.318450456],[-39.706188883,-7.337761187],[-39.091297788,-7.858182470999999],[-38.715112949,-7.621919511],[-37.957141099999994,-7.761809298000001]]],[[[-34.839751397,-7.816010815000001],[-34.839320726,-7.816697623],[-34.840679028,-7.816289473999999],[-34.839751397,-7.816010815000001]]],[[[-32.435152594,-3.8734786770000005],[-32.435850251,-3.8746650550000004],[-32.43624351199999,-3.8742603399999993],[-32.435152594,-3.8734786770000005]]],[[[-32.439102877,-3.872767352],[-32.438168076,-3.8732299380000006],[-32.439140771999995,-3.873802061],[-32.439102877,-3.872767352]]],[[[-32.476089495,-3.875583153],[-32.391204441,-3.8516819249999985],[-32.425628054,-3.866670284],[-32.424653197,-3.877399155999999],[-32.435244298,-3.869967591999999],[-32.457506161,-3.881361241],[-32.476089495,-3.875583153]]],[[[-32.441643843,-3.849274035],[-32.440713417,-3.849479021000001],[-32.440756258,-3.849609411],[-32.441643843,-3.849274035]]],[[[-32.44174553799999,-3.849103820000001],[-32.442804167,-3.8488505040000005],[-32.442063062,-3.8482394029999996],[-32.44174553799999,-3.849103820000001]]],[[[-32.420049197,-3.8708559399999993],[-32.417209307,-3.8720190930000005],[-32.417845173,-3.872871950999999],[-32.420049197,-3.8708559399999993]]],[[[-32.42111807799999,-3.8710589559999993],[-32.422104099,-3.8709586569999996],[-32.422092927,-3.8703646479999994],[-32.42111807799999,-3.8710589559999993]]],[[[-32.412025949,-3.868941454],[-32.41269793,-3.868613036000001],[-32.411912083,-3.8687583339999994],[-32.412025949,-3.868941454]]],[[[-32.413730636,-3.8676441090000013],[-32.414414086,-3.867277282999999],[-32.41378267,-3.8669615230000005],[-32.413730636,-3.8676441090000013]]],[[[-32.400509556,-3.8601658850000002],[-32.401550092,-3.860510642],[-32.401277117,-3.85973086],[-32.400509556,-3.8601658850000002]]],[[[-32.403837148,-3.827934005999999],[-32.404420218999995,-3.8283324950000006],[-32.404171496,-3.8275186130000005],[-32.403837148,-3.827934005999999]]],[[[-32.394059412999994,-3.823230904],[-32.39356666,-3.825645400999999],[-32.394812596,-3.825257987],[-32.394059412999994,-3.823230904]]],[[[-32.394850719999994,-3.818873842],[-32.391672942,-3.8210477099999993],[-32.395055683,-3.821514937],[-32.394850719999994,-3.818873842]]],[[[-32.388790799,-3.8068263180000006],[-32.381795267,-3.8142442989999985],[-32.394794318,-3.8123974949999995],[-32.388790799,-3.8068263180000006]]]]}},{"type":"Feature","properties":{"sigla":"AL","nome":"Alagoas","regiao":"Nordeste"},"geometry":{"type":"MultiPolygon","coordinates":[[[[-35.757994827999994,-9.692693030999997],[-35.758385564,-9.69364192],[-35.760407324,-9.694963829],[-35.757994827999994,-9.692693030999997]]],[[[-36.955464647,-9.381251129],[-35.89620057,-8.854268297],[-35.151931323,-8.914994427999998],[-36.390727678,-10.500441632999998],[-38.237590046,-9.329794524],[-37.75536189,-8.846363685],[-36.955464647,-9.381251129]]]]}},{"type":"Feature","properties":{"sigla":"SE","nome":"Sergipe","regiao":"Nordeste"},"geometry":{"type":"MultiPolygon","coordinates":[[[[-36.916865225,-10.841945967999997],[-36.918538474,-10.846241830999999],[-36.919493936,-10.846611188999999],[-36.916865225,-10.841945967999997]]],[[[-37.808630438,-10.687632111000001],[-38.003289898,-9.515029907999999],[-36.395940754,-10.496872191],[-36.86750496399999,-10.758052227999999],[-37.324836639,-11.436034542999998],[-37.69003932299999,-11.566721218],[-38.245003672,-10.822869380999999],[-37.808630438,-10.687632111000001]]]]}},{"type":"Feature","properties":{"sigla":"BA","nome":"Bahia","regiao":"Nordeste"},"geometry":{"type":"MultiPolygon","coordinates":[[[[-39.207978473,-17.968113803999998],[-39.209008458999996,-17.967087929999998],[-39.207137483,-17.966425193000003],[-39.207978473,-17.968113803999998]]],[[[-39.178912761,-17.740415534999997],[-39.197573139999996,-17.758126910000005],[-39.201641223,-17.755504411000004],[-39.178912761,-17.740415534999997]]],[[[-38.95550672699999,-16.22628017],[-38.956024577,-16.225111787999996],[-38.955313902,-16.224749342000006],[-38.95550672699999,-16.22628017]]],[[[-38.99863540399999,-14.978580528000006],[-38.997826055999994,-14.9799143],[-38.9986974,-14.981021760999997],[-38.99863540399999,-14.978580528000006]]],[[[-39.015398566,-14.789723168999998],[-39.014946214999995,-14.790758313999998],[-39.015522290999996,-14.79016097],[-39.015398566,-14.789723168999998]]],[[[-39.015516975,-14.771641444000002],[-39.01556347999999,-14.771338315000003],[-39.015476401,-14.771321456999997],[-39.015516975,-14.771641444000002]]],[[[-39.016116487,-14.770460518000002],[-39.015211556000004,-14.770875435999995],[-39.015577652999994,-14.771127815999996],[-39.016116487,-14.770460518000002]]],[[[-39.017985001,-14.769592330000004],[-39.017333389,-14.770628016],[-39.017671121,-14.770819375999997],[-39.017985001,-14.769592330000004]]],[[[-38.96409813,-13.675362287000002],[-38.964182801,-13.677398981999998],[-38.96535187999999,-13.675732068],[-38.96409813,-13.675362287000002]]],[[[-46.19855021899999,-12.503628206999998],[-46.479799657,-12.047359076999998],[-46.180039834,-11.907091152999998],[-46.384870413,-11.625204362999996],[-46.080894205999996,-11.624011156999998],[-46.576464606,-11.342020650999999],[-45.723483949,-10.155412708000002],[-45.358218967,-10.732207538999997],[-44.84714906699999,-10.901087957999998],[-43.91622932800001,-10.426718670000001],[-43.66213140699999,-10.009544197],[-43.85135093899999,-9.552129230999999],[-43.572823685,-9.316245381],[-42.769957195,-9.619182114],[-41.837965769,-9.242272043],[-41.374461529,-8.705400864],[-40.919237104,-8.837177041999999],[-40.628100649,-9.482689762],[-39.409523279,-8.538900110999998],[-38.65372669199999,-8.983900038999998],[-38.48080982500001,-8.849326121999999],[-37.74709076999999,-10.238072693000001],[-37.808630438,-10.687632111000001],[-38.209167631999996,-10.711869696],[-38.228168294,-10.914183903],[-37.812288578,-11.517019958],[-37.341146654,-11.442336473999998],[-38.046773844,-12.634609483000002],[-38.957828142,-13.267586295999998],[-39.06500340499999,-14.708515700999996],[-38.852839294,-15.849354111],[-39.011063813999996,-16.245785776],[-39.212061889999994,-17.161260839999997],[-39.13580033899999,-17.690252704999995],[-39.48081693699999,-17.984899735],[-39.66949446299999,-18.348490108],[-40.623475113999994,-17.405980699000004],[-40.491205523999994,-16.884490034],[-40.28163705099999,-16.901183641],[-40.28349333999999,-16.587447845000003],[-39.857273619999994,-16.115695301999992],[-40.23111132099999,-15.803847120000002],[-41.331206097999996,-15.744673362999993],[-41.800710057,-15.101097119999995],[-42.09162087,-15.186605386999993],[-43.176349835,-14.650543841],[-43.529757036999996,-14.815944843000004],[-43.88350757,-14.653232194999994],[-43.784016626,-14.337178826],[-44.215332566,-14.233180666],[-46.077081842,-15.264681801000004],[-45.90715532899999,-14.355189846],[-46.26419033199999,-13.947435089],[-46.068275461999995,-13.295441789999998],[-46.328957019,-13.250295389],[-46.105535565,-12.932733348],[-46.330076297,-12.95785168],[-46.19855021899999,-12.503628206999998]]],[[[-38.946223094,-13.386447847],[-38.947084787,-13.385540473],[-38.9455457,-13.384890343],[-38.946223094,-13.386447847]]],[[[-38.70008882199999,-17.981726142999996],[-38.69753409599999,-17.979276162],[-38.696476268,-17.980129294999998],[-38.70008882199999,-17.981726142999996]]],[[[-38.696179261,-17.979073710999998],[-38.696358276,-17.978864306000002],[-38.696089451999995,-17.978895562],[-38.696179261,-17.979073710999998]]],[[[-38.707982187,-17.968946903],[-38.708484984,-17.971480242],[-38.71451851,-17.970875139],[-38.707982187,-17.968946903]]],[[[-38.707818751,-17.964661032],[-38.711727155999995,-17.967753733000002],[-38.712031921,-17.964407193000003],[-38.707818751,-17.964661032]]],[[[-38.705608807,-17.961403315999995],[-38.69172720299999,-17.965577899999992],[-38.706580753,-17.96279075599999],[-38.705608807,-17.961403315999995]]],[[[-38.693389949,-17.960746769999997],[-38.692309199,-17.961210636999997],[-38.693336265,-17.961106811],[-38.693389949,-17.960746769999997]]],[[[-38.918999799,-16.179104922999997],[-38.919995412999995,-16.178616733000002],[-38.919127962999994,-16.178115915999992],[-38.918999799,-16.179104922999997]]],[[[-38.92287919799999,-16.031226990999997],[-38.922157042,-16.028531989],[-38.921913034,-16.028475870000005],[-38.92287919799999,-16.031226990999997]]],[[[-38.94333134699999,-13.835751782],[-38.938041119,-13.835925591000002],[-38.938270974,-13.838979118],[-38.94333134699999,-13.835751782]]],[[[-38.904511205999995,-13.379339079999998],[-38.90340987599999,-13.380577413],[-38.903811264,-13.38077834],[-38.904511205999995,-13.379339079999998]]]]}},{"type":"Feature","properties":{"sigla":"MG","nome":"Minas Gerais","regiao":"Sudeste"},"geometry":{"type":"Polygon","coordinates":[[[-50.74037206999999,-19.21316376],[-50.02876304499999,-18.601466406999993],[-49.38505749699999,-18.646061916999997],[-48.933171575,-18.305454009],[-47.954937045,-18.500280322],[-47.284157556,-18.058719499],[-47.264803797999996,-17.611389160999998],[-47.53981227800001,-17.388396662],[-47.127409012,-16.978651787999997],[-47.455705267,-16.467639247],[-47.300367441,-16.017245654000003],[-46.807499121999996,-15.880775991],[-46.926596163,-15.061692833000002],[-46.503608072999995,-15.053433331999992],[-46.501113683,-14.703025897],[-46.00563617099999,-14.900051024999996],[-46.058112976,-15.262741801],[-44.56556521099999,-14.340059956999992],[-43.987344385,-14.267295447999997],[-43.783186732999994,-14.339233714999999],[-43.85920099799999,-14.674298824999992],[-43.529757036999996,-14.815944843000004],[-43.176349835,-14.650543841],[-42.09162087,-15.186605386999993],[-41.803406847,-15.099737279999998],[-41.331206097999996,-15.744673362999993],[-40.700575211,-15.667309000999998],[-39.85682889099999,-16.113824768],[-40.571414287,-17.063885494999994],[-40.623475113999994,-17.405980699000004],[-40.222350609,-17.980417387],[-40.882717039,-17.970551075],[-40.771496051,-18.155940009999995],[-41.15892065399999,-18.308243451],[-40.915921867,-18.812658163000002],[-41.243582406,-18.852749067],[-41.016912853,-18.974640559999997],[-40.949329006,-19.473156819000003],[-41.382114496,-20.188813112],[-41.847498296999994,-20.32800618],[-42.266649175,-21.714473168],[-43.07504045999999,-22.093391968],[-43.765705447,-22.062175471999996],[-46.344893003,-22.905224002],[-46.723260254,-22.306623841],[-46.50925213600001,-21.469898927000003],[-47.011507927,-21.422272817],[-47.240044257,-20.885281696999993],[-47.096895797,-20.644528274],[-47.468292708,-19.961422207999988],[-48.825743214999996,-20.161957488],[-48.894944602,-20.441813888999995],[-48.99225068599999,-20.165384464],[-49.225294015,-20.305343065],[-49.249646984,-19.969554239],[-49.539877462999996,-19.90744454299999],[-50.471918222999996,-19.779655795],[-51.000475001999995,-20.085384369],[-50.74037206999999,-19.21316376]]]}},{"type":"Feature","properties":{"sigla":"ES","nome":"Espírito Santo","regiao":"Sudeste"},"geometry":{"type":"MultiPolygon","coordinates":[[[[-40.885241095,-21.161668163999998],[-40.883171170999994,-21.163036543000004],[-40.883537405,-21.163870798999998],[-40.885241095,-21.161668163999998]]],[[[-40.80154530699999,-21.006753586000002],[-40.800468994,-21.005803951999997],[-40.801536717,-21.006873241],[-40.80154530699999,-21.006753586000002]]],[[[-40.788145187,-21.003366541999995],[-40.787533262,-21.003031337],[-40.788218595,-21.003701708000005],[-40.788145187,-21.003366541999995]]],[[[-40.78588081099999,-21.001145524],[-40.78587269999999,-21.002529765],[-40.786687949999994,-21.002191808],[-40.78588081099999,-21.001145524]]],[[[-40.75346333,-20.924342572],[-40.756013614,-20.92886036200001],[-40.756770178,-20.928594892999993],[-40.75346333,-20.924342572]]],[[[-40.751881493,-20.874614519],[-40.75047674099999,-20.87326418],[-40.749398469999996,-20.873065546999992],[-40.751881493,-20.874614519]]],[[[-40.726731591,-20.854120647000006],[-40.728120282,-20.856500640000004],[-40.728891739999995,-20.856344348999997],[-40.726731591,-20.854120647000006]]],[[[-40.72579996,-20.847497725],[-40.725556415,-20.850456324000003],[-40.727682284,-20.851003859999995],[-40.72579996,-20.847497725]]],[[[-40.684280221,-20.827299986],[-40.684793115,-20.827564761999994],[-40.684933596,-20.827168331000003],[-40.684280221,-20.827299986]]],[[[-40.59830791899999,-20.806713396],[-40.598940328,-20.80835621],[-40.60049994399999,-20.807218238000004],[-40.59830791899999,-20.806713396]]],[[[-40.55002519999999,-20.76231268],[-40.549300525999996,-20.761334144],[-40.54983619499999,-20.762475393],[-40.55002519999999,-20.76231268]]],[[[-40.546980908,-20.758816512],[-40.546238887,-20.759779874],[-40.54744539699999,-20.75889855100001],[-40.546980908,-20.758816512]]],[[[-40.547504849,-20.757934684999995],[-40.547098134,-20.758069921],[-40.547866996,-20.758491781999993],[-40.547504849,-20.757934684999995]]],[[[-40.54141856599999,-20.74260007],[-40.542854383,-20.743006899000004],[-40.541292585,-20.742086287],[-40.54141856599999,-20.74260007]]],[[[-40.528023618999995,-20.737214457999997],[-40.528503154999996,-20.736946272999994],[-40.52768236399999,-20.736599485000003],[-40.528023618999995,-20.737214457999997]]],[[[-40.526345867,-20.731877519000005],[-40.526280368,-20.731729883],[-40.52580701,-20.731778406000004],[-40.526345867,-20.731877519000005]]],[[[-40.523422798,-20.730780884],[-40.523652116,-20.730365229000007],[-40.523156494,-20.730554312000002],[-40.523422798,-20.730780884]]],[[[-40.524466738,-20.730021946999994],[-40.523969345999994,-20.729487731],[-40.524325776000005,-20.73041395],[-40.524466738,-20.730021946999994]]],[[[-40.50940001499999,-20.714626972999998],[-40.509192610999996,-20.713451699999997],[-40.508884755,-20.714565983],[-40.50940001499999,-20.714626972999998]]],[[[-40.508871695,-20.712771694999994],[-40.50958069499999,-20.712471503],[-40.508678796999995,-20.712575599999997],[-40.508871695,-20.712771694999994]]],[[[-40.50873708299999,-20.711391679000002],[-40.507933292999994,-20.710622368999992],[-40.508350286,-20.711617032999992],[-40.50873708299999,-20.711391679000002]]],[[[-40.512184318,-20.703879954999998],[-40.51193550800001,-20.703965740999998],[-40.512156269,-20.704129751000004],[-40.512184318,-20.703879954999998]]],[[[-40.500617643,-20.683163362],[-40.502122276,-20.684004752000003],[-40.500567681,-20.682704163],[-40.500617643,-20.683163362]]],[[[-40.47193682399999,-20.662912707999997],[-40.466545654,-20.661901875000005],[-40.468605917999994,-20.663423189999996],[-40.47193682399999,-20.662912707999997]]],[[[-40.494357906,-20.661669267999997],[-40.493990897,-20.661847137],[-40.494308326,-20.661900168],[-40.494357906,-20.661669267999997]]],[[[-40.47255161299999,-20.661203288999996],[-40.47212941,-20.661268393],[-40.472450699,-20.66141938899999],[-40.47255161299999,-20.661203288999996]]],[[[-40.464532237,-20.627164275],[-40.46457651,-20.627452343],[-40.464686394,-20.627176325000008],[-40.464532237,-20.627164275]]],[[[-41.382114496,-20.188813112],[-40.907692703,-19.308812723999996],[-41.24547746999999,-18.821959066999998],[-40.91677262899999,-18.815543415999997],[-41.182092461,-18.439254547000004],[-41.056084607,-18.166621079000002],[-40.771496051,-18.155940009999995],[-40.89933266800001,-17.982650252],[-40.34552180000001,-17.92378202800001],[-39.666632,-18.331542410000004],[-39.73588116599999,-19.48095578],[-40.153045131,-19.949912473000005],[-40.19201171299999,-20.199519607999992],[-40.28912351,-20.28377988399999],[-40.42302623199999,-20.635899851000005],[-40.46433565699999,-20.623939969000002],[-40.47264966099999,-20.650790835999995],[-40.466309802999994,-20.65749278],[-40.48115978799999,-20.652413297999995],[-40.497176932,-20.662612863],[-40.491292229,-20.669002883000005],[-40.511887342,-20.69371419799999],[-40.520140935,-20.729749001],[-40.527279863,-20.729220517999998],[-40.537292732,-20.745281427000002],[-40.541565258999995,-20.738260449999995],[-40.556720277,-20.746471511999992],[-40.627884365999996,-20.840982345],[-40.653318549,-20.805872743999988],[-40.75532020699999,-20.859526175000006],[-40.957909103999995,-21.301781967],[-41.717065162,-21.125279049000003],[-41.879795699,-20.759567680999993],[-41.847498296999994,-20.32800618],[-41.382114496,-20.188813112]]],[[[-40.40580083100001,-20.700682672999996],[-40.407242433,-20.699575405000004],[-40.405972731,-20.699161146999998],[-40.40580083100001,-20.700682672999996]]],[[[-40.363923402,-20.67791628599999],[-40.36609619199999,-20.678448164000002],[-40.36478243,-20.677088988],[-40.363923402,-20.67791628599999]]],[[[-40.367397354999994,-20.675930777],[-40.368395319,-20.676521713000003],[-40.368167933,-20.675812587000003],[-40.367397354999994,-20.675930777]]],[[[-40.46296280499999,-20.644542052000002],[-40.463521539999995,-20.644423004999997],[-40.462927261999994,-20.644290907],[-40.46296280499999,-20.644542052000002]]],[[[-40.46437677299999,-20.643943473999997],[-40.464142174,-20.643930797999996],[-40.46433075299999,-20.644114151000004],[-40.46437677299999,-20.643943473999997]]],[[[-40.461425314,-20.644028848],[-40.461422532,-20.643672732],[-40.461189612999995,-20.643946662999994],[-40.461425314,-20.644028848]]],[[[-40.429273638999994,-20.638616309999996],[-40.429734218,-20.640752985000002],[-40.430528084,-20.640522117000003],[-40.429273638999994,-20.638616309999996]]],[[[-40.44602409299999,-20.637749135999996],[-40.446232740999996,-20.638803132000003],[-40.44703888899999,-20.638127279999992],[-40.44602409299999,-20.637749135999996]]],[[[-40.443862701,-20.63815809900001],[-40.443652543,-20.637743569999998],[-40.443421276,-20.63773366],[-40.443862701,-20.63815809900001]]],[[[-40.440554125999995,-20.637331384999996],[-40.440311748999996,-20.638002686],[-40.44110289399999,-20.638061915999998],[-40.440554125999995,-20.637331384999996]]],[[[-40.43700093599999,-20.635857487],[-40.437411552,-20.635389032],[-40.43700639899999,-20.635217472999997],[-40.43700093599999,-20.635857487]]],[[[-40.395715745,-20.622165361],[-40.396750233999995,-20.622185368],[-40.395877309999996,-20.62175184899999],[-40.395715745,-20.622165361]]],[[[-40.37686233699999,-20.614219981],[-40.378115203,-20.612929392],[-40.376284271,-20.612545775999994],[-40.37686233699999,-20.614219981]]],[[[-40.383112599,-20.611321868],[-40.379586468,-20.614262687999997],[-40.38418385899999,-20.614780953999997],[-40.383112599,-20.611321868]]],[[[-40.37630743399999,-20.610383462000005],[-40.372646315999994,-20.612807371],[-40.373701971,-20.613359172999996],[-40.37630743399999,-20.610383462000005]]],[[[-40.38774606199999,-20.610185278],[-40.388840636,-20.610559767000005],[-40.388015577,-20.609955888000002],[-40.38774606199999,-20.610185278]]],[[[-40.391723384,-20.598595494000005],[-40.391807219,-20.596715142000004],[-40.390460984,-20.597407317000002],[-40.391723384,-20.598595494000005]]],[[[-40.35710888199999,-20.524324513],[-40.358313726,-20.525351871],[-40.35908700299999,-20.524711896],[-40.35710888199999,-20.524324513]]],[[[-40.311555031,-20.420667256000005],[-40.311417342,-20.421213812],[-40.312137277999994,-20.42169873],[-40.311555031,-20.420667256000005]]],[[[-40.300582416999994,-20.382140249999996],[-40.300239448999996,-20.382315610999996],[-40.300707132999996,-20.38234483700001],[-40.300582416999994,-20.382140249999996]]],[[[-40.296544599,-20.380004451999998],[-40.29680213999999,-20.382468629000005],[-40.297726015,-20.382021405],[-40.296544599,-20.380004451999998]]],[[[-40.28651611,-20.371507715999993],[-40.286252068,-20.371721064999992],[-40.286470566999995,-20.371755220999994],[-40.28651611,-20.371507715999993]]],[[[-40.28105608999999,-20.360525244999994],[-40.280608703999995,-20.361317260999993],[-40.281552872,-20.361402681999998],[-40.28105608999999,-20.360525244999994]]],[[[-40.28017472599999,-20.355190145],[-40.281171352,-20.35417607700001],[-40.279869023,-20.354680395000003],[-40.28017472599999,-20.355190145]]],[[[-40.28717346599999,-20.305202],[-40.28709671299999,-20.304712750999993],[-40.287089771,-20.305246038000003],[-40.28717346599999,-20.305202]]],[[[-40.283245349,-20.293461474999997],[-40.283448318000005,-20.292037750999995],[-40.283121256,-20.292014488],[-40.283245349,-20.293461474999997]]],[[[-40.28200096,-20.292623135000003],[-40.281700668,-20.291984205999995],[-40.28185236800001,-20.292656536000003],[-40.28200096,-20.292623135000003]]],[[[-40.284975859,-20.28451333],[-40.285876586,-20.284378633999996],[-40.28563378199999,-20.283942292],[-40.284975859,-20.28451333]]],[[[-29.331768875999998,-20.525535552000004],[-29.308784657000004,-20.507810671999998],[-29.299583794,-20.526655958],[-29.331768875999998,-20.525535552000004]]],[[[-28.849606137000002,-20.495788663999996],[-28.847898498999992,-20.497893564999995],[-28.850588684999995,-20.496970786999995],[-28.849606137000002,-20.495788663999996]]],[[[-28.851773236,-20.471853854999996],[-28.852257949,-20.479474005999993],[-28.854326122000003,-20.473434638],[-28.851773236,-20.471853854999996]]],[[[-28.855603743,-20.472618746],[-28.855187100999995,-20.472111203999994],[-28.855175747,-20.472478459000005],[-28.855603743,-20.472618746]]],[[[-28.854196074999997,-20.468713104000003],[-28.856426225999996,-20.469355400999998],[-28.855677673,-20.468079897000003],[-28.854196074999997,-20.468713104000003]]],[[[-40.27870462999999,-20.365388025999998],[-40.277994626,-20.363939101000003],[-40.278279430999994,-20.365589705999998],[-40.27870462999999,-20.365388025999998]]],[[[-40.27994404799999,-20.364733181],[-40.279329161,-20.364395923],[-40.27934326100001,-20.364850489],[-40.27994404799999,-20.364733181]]],[[[-40.277552652,-20.364586301000003],[-40.276611437999996,-20.363498392000004],[-40.27610792099999,-20.36343675000001],[-40.277552652,-20.364586301000003]]],[[[-40.279377376,-20.362300716],[-40.280578351,-20.363732190000004],[-40.281240495,-20.362921693999994],[-40.279377376,-20.362300716]]],[[[-40.276523876,-20.36158815200001],[-40.277049134,-20.362604171],[-40.277202437999996,-20.362214231],[-40.276523876,-20.36158815200001]]],[[[-40.279788618,-20.360400696],[-40.279490301,-20.361076591999993],[-40.279780263,-20.361061011000004],[-40.279788618,-20.360400696]]],[[[-40.27486287899999,-20.353373237],[-40.275535251,-20.353675417999998],[-40.275689402999994,-20.353320818999993],[-40.27486287899999,-20.353373237]]],[[[-40.253123867999996,-20.353045969999993],[-40.252509512,-20.352767113999995],[-40.252866452,-20.353446578999993],[-40.253123867999996,-20.353045969999993]]],[[[-40.249966865,-20.352241028999998],[-40.249568698999994,-20.352269645],[-40.249895104,-20.352575807999997],[-40.249966865,-20.352241028999998]]],[[[-40.250848086,-20.352190727999997],[-40.250314086,-20.351584934000005],[-40.250443718,-20.352386381000002],[-40.250848086,-20.352190727999997]]],[[[-40.276026022,-20.351122976999996],[-40.276446327,-20.350807815],[-40.275689906,-20.350558162000002],[-40.276026022,-20.351122976999996]]],[[[-40.27232643699999,-20.335578571999996],[-40.271928683,-20.336159067000004],[-40.272073562,-20.336212381000003],[-40.27232643699999,-20.335578571999996]]],[[[-40.27068012699999,-20.335433282999997],[-40.271853754999995,-20.334593114000004],[-40.271588695,-20.334341016999996],[-40.27068012699999,-20.335433282999997]]],[[[-40.275199785999995,-20.333619557],[-40.27501450199999,-20.333611014999992],[-40.275079496,-20.333776008999994],[-40.275199785999995,-20.333619557]]],[[[-40.271142478,-20.331887894000005],[-40.270123077,-20.333530091999993],[-40.270641704,-20.333716571999993],[-40.271142478,-20.331887894000005]]],[[[-40.26789705099999,-20.331937597],[-40.26881835399999,-20.331858025000002],[-40.26827519399999,-20.33120500099999],[-40.26789705099999,-20.331937597]]],[[[-40.266003553,-20.323974107000005],[-40.26560009400001,-20.32388539699999],[-40.265861292,-20.324107719],[-40.266003553,-20.323974107000005]]],[[[-40.27158345099999,-20.31999829],[-40.271162629,-20.322370277999998],[-40.27251111699999,-20.320585563000005],[-40.27158345099999,-20.31999829]]],[[[-40.269239218,-20.320712887999992],[-40.268058221,-20.321426568999996],[-40.268566246,-20.321698612],[-40.269239218,-20.320712887999992]]],[[[-40.277155036,-20.307889458],[-40.276043437,-20.307473281],[-40.275592433,-20.309471957000003],[-40.277155036,-20.307889458]]],[[[-40.275123705999995,-20.306934841000004],[-40.27373989,-20.307146891999995],[-40.273647712000006,-20.308630843999996],[-40.275123705999995,-20.306934841000004]]],[[[-40.27529709499999,-20.298478554],[-40.276090485999994,-20.298123643999997],[-40.275614487999995,-20.297530691],[-40.27529709499999,-20.298478554]]],[[[-40.13358502799999,-19.968899684],[-40.134155823,-19.968433291999997],[-40.133808298,-19.968036642],[-40.13358502799999,-19.968899684]]]]}},{"type":"Feature","properties":{"sigla":"RJ","nome":"Rio de Janeiro","regiao":"Sudeste"},"geometry":{"type":"MultiPolygon","coordinates":[[[[-44.71924034799999,-23.359485224999997],[-44.720177262,-23.357857733999992],[-44.71830915999999,-23.357059469000006],[-44.71924034799999,-23.359485224999997]]],[[[-44.671761775,-23.356659022999995],[-44.672104802999996,-23.354805883],[-44.670506081,-23.355006619999997],[-44.671761775,-23.356659022999995]]],[[[-44.665989296,-23.351397036999998],[-44.665331368,-23.350557294999994],[-44.665948217,-23.351531688],[-44.665989296,-23.351397036999998]]],[[[-44.566536143,-23.347899316],[-44.570811782,-23.352416283999997],[-44.56956023899999,-23.34825298699999],[-44.566536143,-23.347899316]]],[[[-44.664790737,-23.350110752],[-44.66510641800001,-23.350059532],[-44.66482336499999,-23.349950437],[-44.664790737,-23.350110752]]],[[[-44.680567530999994,-23.342790445999995],[-44.679559626999996,-23.341900546],[-44.67938712699999,-23.342334731],[-44.680567530999994,-23.342790445999995]]],[[[-44.68143759899999,-23.341583036],[-44.68076233699999,-23.341652057000005],[-44.68143091000001,-23.341802177],[-44.68143759899999,-23.341583036]]],[[[-44.636596688999994,-23.280123155],[-44.635964542,-23.279723079],[-44.636274310999994,-23.280269303],[-44.636596688999994,-23.280123155]]],[[[-44.629717907999996,-23.273098994],[-44.631907028,-23.273135221999993],[-44.63146059299999,-23.27249226],[-44.629717907999996,-23.273098994]]],[[[-44.570870361,-23.267304082999996],[-44.57120690199999,-23.265567016],[-44.568173586,-23.264286410000004],[-44.570870361,-23.267304082999996]]],[[[-44.668120533,-23.23880628],[-44.670798485,-23.240379996999998],[-44.67172511,-23.239513832999993],[-44.668120533,-23.23880628]]],[[[-44.651012533,-23.231347696],[-44.633860441,-23.225755758],[-44.639584223,-23.229166123999995],[-44.651012533,-23.231347696]]],[[[-44.55697076599999,-23.221052276],[-44.556061395,-23.223155123],[-44.557168401999995,-23.223613257],[-44.55697076599999,-23.221052276]]],[[[-44.693003805,-23.215352001999996],[-44.690917553999995,-23.218021463000003],[-44.692692922,-23.217857685999995],[-44.693003805,-23.215352001999996]]],[[[-44.594552308999994,-23.201942245],[-44.602016965,-23.22209713699999],[-44.621245884000004,-23.223311820000003],[-44.594552308999994,-23.201942245]]],[[[-44.583338606,-23.21003574],[-44.584578885,-23.211784335000004],[-44.585211575,-23.210564915],[-44.583338606,-23.21003574]]],[[[-44.689800406,-23.209267736999998],[-44.689064832,-23.209627299000005],[-44.68964673399999,-23.210008418999998],[-44.689800406,-23.209267736999998]]],[[[-44.68934493399999,-23.207598703],[-44.688941072999995,-23.207946101],[-44.689678097999995,-23.20815694],[-44.68934493399999,-23.207598703]]],[[[-44.707152875,-23.206366031999988],[-44.707300338,-23.205911065000002],[-44.706770826,-23.205431327999996],[-44.707152875,-23.206366031999988]]],[[[-44.682989432,-23.205885559000002],[-44.681606839,-23.205007967000007],[-44.681491119,-23.205056869999993],[-44.682989432,-23.205885559000002]]],[[[-44.70887514199999,-23.204249565999994],[-44.710192587,-23.205176116999997],[-44.71059243799999,-23.204652603999996],[-44.70887514199999,-23.204249565999994]]],[[[-44.67241711799999,-23.199854735999992],[-44.672663458,-23.201352061999998],[-44.67321570199999,-23.201020181000004],[-44.67241711799999,-23.199854735999992]]],[[[-44.583977434999994,-23.202336649999996],[-44.57897267199999,-23.19966184],[-44.579509664,-23.203069177000007],[-44.583977434999994,-23.202336649999996]]],[[[-44.572614615999996,-23.195393272999993],[-44.573378100999996,-23.196557281],[-44.574487264,-23.195895655999994],[-44.572614615999996,-23.195393272999993]]],[[[-44.607777887999994,-23.194393796],[-44.60691935,-23.195980605],[-44.60863507199999,-23.195790017999997],[-44.607777887999994,-23.194393796]]],[[[-44.625525620999994,-23.195147554],[-44.62526697399999,-23.194193284999997],[-44.62470643899999,-23.194254274],[-44.625525620999994,-23.195147554]]],[[[-44.634993888,-23.193381449999997],[-44.637149992,-23.19383927099999],[-44.635035381,-23.192242295000003],[-44.634993888,-23.193381449999997]]],[[[-44.622996791999995,-23.189747794],[-44.62079537500001,-23.190263718999994],[-44.624291823,-23.192313255],[-44.622996791999995,-23.189747794]]],[[[-44.57667906399999,-23.184265173],[-44.572648886,-23.187972810999995],[-44.577398387,-23.18943292399999],[-44.57667906399999,-23.184265173]]],[[[-44.659557161,-23.182071792999995],[-44.656768791,-23.18794618799999],[-44.659139302,-23.188084647999997],[-44.659557161,-23.182071792999995]]],[[[-44.68505262499999,-23.182312767],[-44.68658259,-23.181989846999997],[-44.685652149,-23.181038668],[-44.68505262499999,-23.182312767]]],[[[-44.678566433,-23.180979237],[-44.678703685,-23.180762393],[-44.6784266,-23.180766758999997],[-44.678566433,-23.180979237]]],[[[-44.683766809,-23.176986327999998],[-44.682216921,-23.178789054999992],[-44.684387242,-23.178651727],[-44.683766809,-23.176986327999998]]],[[[-44.63445700999999,-23.176462596999997],[-44.635080372,-23.176564151999994],[-44.63474896499999,-23.176049128],[-44.63445700999999,-23.176462596999997]]],[[[-44.679634096,-23.17493783100001],[-44.679314652,-23.175167316000003],[-44.68006186,-23.175546242999992],[-44.679634096,-23.17493783100001]]],[[[-44.633896313,-23.174741689999998],[-44.63522421599999,-23.174760427999995],[-44.634468844999994,-23.173995813000005],[-44.633896313,-23.174741689999998]]],[[[-44.68010385,-23.174076801000002],[-44.679461101,-23.172934972999997],[-44.67947092800001,-23.174055605999996],[-44.68010385,-23.174076801000002]]],[[[-44.678338309,-23.169509156],[-44.674154123,-23.170092545000006],[-44.678762712,-23.172293061],[-44.678338309,-23.169509156]]],[[[-44.666185371,-23.16061245199999],[-44.664127726,-23.163464690999998],[-44.66553102299999,-23.162929113],[-44.666185371,-23.16061245199999]]],[[[-44.69491804300001,-23.156167543000002],[-44.681130563,-23.157445546],[-44.692187029,-23.169605460999993],[-44.69491804300001,-23.156167543000002]]],[[[-44.675353617,-23.133104662],[-44.674776470999994,-23.131718729000003],[-44.67458645199999,-23.131843382999996],[-44.675353617,-23.133104662]]],[[[-44.667267981,-23.131944692999998],[-44.667117034,-23.132063777],[-44.66729969499999,-23.132032186],[-44.667267981,-23.131944692999998]]],[[[-44.685099320999996,-23.128364342000005],[-44.685579996,-23.130709731],[-44.68736370599999,-23.13055402199999],[-44.685099320999996,-23.128364342000005]]],[[[-44.678377872,-23.126806711000004],[-44.678425266,-23.124863316],[-44.677676106999996,-23.124713004],[-44.678377872,-23.126806711000004]]],[[[-44.667965959,-23.123228812000004],[-44.667406487,-23.12180508899999],[-44.666316355999996,-23.121000333999994],[-44.667965959,-23.123228812000004]]],[[[-44.67710025699999,-23.110898446],[-44.67549172,-23.114185888],[-44.678203615,-23.114230803],[-44.67710025699999,-23.110898446]]],[[[-44.68080653599999,-23.109361359],[-44.67951366599999,-23.108102489999997],[-44.678848816,-23.109583788],[-44.68080653599999,-23.109361359]]],[[[-44.689012505,-23.109799922999994],[-44.686986184999995,-23.106842592],[-44.68546084,-23.106458126999996],[-44.689012505,-23.109799922999994]]],[[[-44.67130440099999,-23.098534424000007],[-44.672317726,-23.097189407999995],[-44.66911941,-23.096872569999995],[-44.67130440099999,-23.098534424000007]]],[[[-44.676279966,-23.095873991000005],[-44.676457517,-23.095777627999993],[-44.67596941899999,-23.095583773000005],[-44.676279966,-23.095873991000005]]],[[[-44.65791164099999,-23.093156424999997],[-44.658423725,-23.092912151999997],[-44.658035888,-23.092720736000004],[-44.65791164099999,-23.093156424999997]]],[[[-44.682516907,-23.086851384000003],[-44.684892514000005,-23.08861099],[-44.68413779099999,-23.086989401999993],[-44.682516907,-23.086851384000003]]],[[[-44.594817821999996,-23.085336030999997],[-44.59315419599999,-23.086880082],[-44.595800464,-23.088743963999995],[-44.594817821999996,-23.085336030999997]]],[[[-44.557206658,-23.076601341000007],[-44.556325908999995,-23.076462365],[-44.556914952,-23.076999411000003],[-44.557206658,-23.076601341000007]]],[[[-44.635194517,-23.067651550999997],[-44.64423625999999,-23.075093007000003],[-44.645893913,-23.072329029000002],[-44.635194517,-23.067651550999997]]],[[[-44.58980888399999,-23.070319152999996],[-44.590326688,-23.070652488],[-44.589751585,-23.070027388000003],[-44.58980888399999,-23.070319152999996]]],[[[-44.633042257,-23.069378409],[-44.62946332,-23.070827313],[-44.631634024,-23.071990139999997],[-44.633042257,-23.069378409]]],[[[-44.602619903,-23.066555270999995],[-44.602461889,-23.068887377999996],[-44.604563438999996,-23.067887836999997],[-44.602619903,-23.066555270999995]]],[[[-44.563944471,-23.06716459400001],[-44.56457596399999,-23.06811370499999],[-44.564788452,-23.067724141999996],[-44.563944471,-23.06716459400001]]],[[[-44.63743063999999,-23.066212754000002],[-44.637668695,-23.067302413],[-44.638169166,-23.066391054],[-44.63743063999999,-23.066212754000002]]],[[[-44.59601998699999,-23.065322607999995],[-44.596426964,-23.067124772],[-44.597111952,-23.066530024999995],[-44.59601998699999,-23.065322607999995]]],[[[-44.616670858999996,-23.062356923],[-44.617216943,-23.061565577999996],[-44.61620813799999,-23.061436523999998],[-44.616670858999996,-23.062356923]]],[[[-44.628544146,-23.06047175],[-44.627278444999995,-23.062606912999996],[-44.629087763,-23.062702246999994],[-44.628544146,-23.06047175]]],[[[-44.564506792,-23.064477032999996],[-44.551891571,-23.056890996999993],[-44.563897786999995,-23.066829241000004],[-44.564506792,-23.064477032999996]]],[[[-44.60776989899999,-23.059872884999997],[-44.606911579999995,-23.061435298999992],[-44.608714027,-23.064154151999997],[-44.60776989899999,-23.059872884999997]]],[[[-44.660275483,-23.059383529000005],[-44.66003401999999,-23.058468887999993],[-44.65961521799999,-23.059417957000004],[-44.660275483,-23.059383529000005]]],[[[-44.62289767299999,-23.056794409],[-44.623277847,-23.06016879099999],[-44.62409955799999,-23.058925160999998],[-44.62289767299999,-23.056794409]]],[[[-44.609018174999996,-23.05430416],[-44.61013775199999,-23.055095896999994],[-44.609134381,-23.053881097000005],[-44.609018174999996,-23.05430416]]],[[[-44.56086165,-23.05127162699999],[-44.560742859,-23.053176419000003],[-44.56320650799999,-23.052877354],[-44.56086165,-23.05127162699999]]],[[[-44.545525656,-23.049677291000002],[-44.545816327,-23.048134045],[-44.544086127,-23.046851363000002],[-44.545525656,-23.049677291000002]]],[[[-44.544146111,-23.046411235],[-44.543775337,-23.045470292],[-44.543249725,-23.045284482999996],[-44.544146111,-23.046411235]]],[[[-44.492438223,-23.044156430999994],[-44.493075626999996,-23.043864106],[-44.49261554,-23.043594143000004],[-44.492438223,-23.044156430999994]]],[[[-44.518447899,-23.035813379999993],[-44.519178636,-23.038402578000003],[-44.520689690999994,-23.038517718],[-44.518447899,-23.035813379999993]]],[[[-44.35649144399999,-23.21335805],[-44.360858465999996,-23.214346048999992],[-44.357046874999995,-23.212336377999996],[-44.35649144399999,-23.21335805]]],[[[-44.398916288,-23.098549095],[-44.39937990199999,-23.099748986999998],[-44.399980831,-23.099801685999996],[-44.398916288,-23.098549095]]],[[[-44.395449352,-23.068761026000004],[-44.394230535999995,-23.072429251000003],[-44.39606323899999,-23.071706852999995],[-44.395449352,-23.068761026000004]]],[[[-44.410408176999994,-23.061694610999997],[-44.410394083,-23.063789306000007],[-44.41191462799999,-23.063906187],[-44.410408176999994,-23.061694610999997]]],[[[-44.40766538,-23.060483705],[-44.406649066,-23.059743616000002],[-44.407217333999995,-23.060872715000002],[-44.40766538,-23.060483705]]],[[[-44.405715918,-23.059060697],[-44.40625138099999,-23.059518317000002],[-44.40612614999999,-23.058948372],[-44.405715918,-23.059060697]]],[[[-44.414723959999996,-23.056892243],[-44.418416081,-23.061019979999998],[-44.419954713,-23.059099094999997],[-44.414723959999996,-23.056892243]]],[[[-44.376684203,-23.057872837999998],[-44.376276958,-23.0584048],[-44.37664739,-23.058622813999992],[-44.376684203,-23.057872837999998]]],[[[-44.3776577,-23.057056327999998],[-44.377162178,-23.057244595],[-44.377594773,-23.057512267],[-44.3776577,-23.057056327999998]]],[[[-44.404343154,-23.054927275],[-44.4013978,-23.057221868999996],[-44.403996629999995,-23.058139978],[-44.404343154,-23.054927275]]],[[[-44.376435537,-23.056197188000002],[-44.37710389,-23.055897757],[-44.376432023999996,-23.055764556999996],[-44.376435537,-23.056197188000002]]],[[[-44.412241339999994,-23.055558659999996],[-44.412476032,-23.055984266999996],[-44.412678367999995,-23.055779324999996],[-44.412241339999994,-23.055558659999996]]],[[[-44.420604364,-23.053608211999997],[-44.420922197,-23.053254413999998],[-44.42067565300001,-23.053212662999993],[-44.420604364,-23.053608211999997]]],[[[-44.39190651799999,-23.044744354999995],[-44.346687714,-23.039382891000002],[-44.345684711,-23.068795200999997],[-44.39190651799999,-23.044744354999995]]],[[[-44.501892351,-23.04832394499999],[-44.491490526,-23.052389518],[-44.50315059,-23.055035718999996],[-44.501892351,-23.04832394499999]]],[[[-44.399557361,-23.046101131],[-44.39941304199999,-23.046659041999998],[-44.399744941,-23.046592022],[-44.399557361,-23.046101131]]],[[[-44.399357314999996,-23.045534454999995],[-44.399698160999996,-23.045353925999997],[-44.399441552999996,-23.04528302],[-44.399357314999996,-23.045534454999995]]],[[[-44.395307257999995,-23.03929988599999],[-44.391124853,-23.041341514],[-44.395123541,-23.04270907599999],[-44.395307257999995,-23.03929988599999]]],[[[-44.34042190299999,-23.037491424],[-44.343076861,-23.039741773],[-44.343367658999995,-23.03830144399999],[-44.34042190299999,-23.037491424]]],[[[-44.397853446,-23.037281264999997],[-44.397817634,-23.037063509999996],[-44.397709253,-23.037117714],[-44.397853446,-23.037281264999997]]],[[[-44.400279411,-23.034915877000003],[-44.398640831,-23.036778347],[-44.400586156,-23.036725880999995],[-44.400279411,-23.034915877000003]]],[[[-44.41191523799999,-23.033406935],[-44.41281976,-23.035058798999998],[-44.412656659999996,-23.033471353999992],[-44.41191523799999,-23.033406935]]],[[[-44.38386742,-23.034055890999998],[-44.383593106,-23.033955771],[-44.38369089999999,-23.034142417],[-44.38386742,-23.034055890999998]]],[[[-44.44598302299999,-23.028223655999994],[-44.44777277699999,-23.034328162],[-44.450062865,-23.034170258999996],[-44.44598302299999,-23.028223655999994]]],[[[-44.481914515999996,-23.030212032999998],[-44.480197582,-23.030278566999996],[-44.482946104,-23.031948895999996],[-44.481914515999996,-23.030212032999998]]],[[[-44.40265257499999,-23.026352281999998],[-44.401219901,-23.031994317],[-44.405187452999996,-23.032641741999996],[-44.40265257499999,-23.026352281999998]]],[[[-44.43556517999999,-23.025757650000003],[-44.436866778,-23.026180893],[-44.436703697999995,-23.024841285999994],[-44.43556517999999,-23.025757650000003]]],[[[-44.426027045,-23.015395556],[-44.425878986,-23.014692019],[-44.42568584600001,-23.015301333999997],[-44.426027045,-23.015395556]]],[[[-44.36342604399999,-23.014215500999995],[-44.363229835,-23.013956368999995],[-44.363090198,-23.014308241000002],[-44.36342604399999,-23.014215500999995]]],[[[-44.369330471,-23.011786112999996],[-44.369291014,-23.012457581],[-44.369640225,-23.01221533],[-44.369330471,-23.011786112999996]]],[[[-44.369706744,-23.010198615],[-44.36984509,-23.010491902000005],[-44.36999011399999,-23.010551194000005],[-44.369706744,-23.010198615]]],[[[-44.36379475299999,-23.009684867999997],[-44.363150733999994,-23.009993557],[-44.36413178099999,-23.010399425999992],[-44.36379475299999,-23.009684867999997]]],[[[-44.382762056,-23.006691576999998],[-44.383953609,-23.007210017999995],[-44.38410301099999,-23.006511968],[-44.382762056,-23.006691576999998]]],[[[-44.42255655999999,-23.003786968000004],[-44.42246462,-23.003097099],[-44.422129749,-23.003708216],[-44.42255655999999,-23.003786968000004]]],[[[-44.430878768999996,-23.001905009000005],[-44.432170991,-23.003771431],[-44.432187324000004,-23.001852447999998],[-44.430878768999996,-23.001905009000005]]],[[[-44.42336972999999,-23.002014600999996],[-44.42347225299999,-23.002403962],[-44.42368919799999,-23.002382664999995],[-44.42336972999999,-23.002014600999996]]],[[[-44.366205607,-22.999630121],[-44.365943117,-22.99995682500001],[-44.36622615699999,-22.999994089],[-44.366205607,-22.999630121]]],[[[-44.421539777999996,-22.994452740000007],[-44.423078796,-22.995352969],[-44.42205809299999,-22.994224803],[-44.421539777999996,-22.994452740000007]]],[[[-44.410451884,-22.994290971000005],[-44.40542849700001,-22.994260802],[-44.40692904499999,-22.996899547000005],[-44.410451884,-22.994290971000005]]],[[[-44.40032083199999,-22.993891814999998],[-44.400320746000006,-22.993445042999998],[-44.399691783,-22.993770055000002],[-44.40032083199999,-22.993891814999998]]],[[[-44.35211503199999,-22.993537138],[-44.352722637999996,-22.992786150999997],[-44.352077494,-22.992807843],[-44.35211503199999,-22.993537138]]],[[[-44.402604748,-22.989837738999995],[-44.40118039299999,-22.992841723999998],[-44.404376973,-22.991448593999998],[-44.402604748,-22.989837738999995]]],[[[-44.345276959,-22.990936107999996],[-44.345563728,-22.990400439000005],[-44.344924112,-22.990427238999995],[-44.345276959,-22.990936107999996]]],[[[-44.41592547599999,-22.988775081999997],[-44.408928219,-22.989921999999996],[-44.410383241,-22.992750234999992],[-44.41592547599999,-22.988775081999997]]],[[[-44.361025731999995,-22.986689016999996],[-44.361690293,-22.985478672999996],[-44.358962605,-22.984199849000007],[-44.361025731999995,-22.986689016999996]]],[[[-44.41197379199999,-22.983474335],[-44.413652174000006,-22.984502284999998],[-44.414082532,-22.984067244999995],[-44.41197379199999,-22.983474335]]],[[[-44.351695803,-22.984203027],[-44.35750361,-22.987059809],[-44.35002003099999,-22.980989904999994],[-44.351695803,-22.984203027]]],[[[-44.407495874,-22.982077583000002],[-44.39520753,-22.979450102000005],[-44.3991157,-22.984870702],[-44.407495874,-22.982077583000002]]],[[[-44.407307983,-22.978053292999995],[-44.407999982,-22.977937382000004],[-44.407360911,-22.977845631999998],[-44.407307983,-22.978053292999995]]],[[[-44.346383425999996,-22.977511579999998],[-44.346800894,-22.975766665999995],[-44.344988032,-22.975255371999996],[-44.346383425999996,-22.977511579999998]]],[[[-44.375605154999995,-22.975523091999996],[-44.376806949999995,-22.975471725999995],[-44.374808915,-22.974101887999993],[-44.375605154999995,-22.975523091999996]]],[[[-44.391566181,-22.974796682999994],[-44.39140542,-22.974644879000003],[-44.391265269,-22.974754937],[-44.391566181,-22.974796682999994]]],[[[-44.431698958,-22.975400632999996],[-44.431616308,-22.973925314000002],[-44.430565805,-22.974584518],[-44.431698958,-22.975400632999996]]],[[[-44.38882228199999,-22.973870342999994],[-44.389306498,-22.971547113999996],[-44.387273719999996,-22.971934792],[-44.38882228199999,-22.973870342999994]]],[[[-44.417352177999994,-22.966995222000005],[-44.42114762599999,-22.973676455999996],[-44.425324813,-22.972126658999994],[-44.417352177999994,-22.966995222000005]]],[[[-44.368656484,-22.969218093],[-44.368947324,-22.966638321999994],[-44.367795369,-22.967187795],[-44.368656484,-22.969218093]]],[[[-44.363945433,-22.965223873],[-44.363961849,-22.963631463999995],[-44.36311053899999,-22.963778565],[-44.363945433,-22.965223873]]],[[[-44.406346288,-22.962289345000002],[-44.408107201,-22.963255733999993],[-44.40873286499999,-22.96243847299999],[-44.406346288,-22.962289345000002]]],[[[-44.345595077,-22.959784605999992],[-44.351235102000004,-22.964815342999998],[-44.352086216,-22.962775711],[-44.345595077,-22.959784605999992]]],[[[-44.342610821,-22.962344631],[-44.34210285599999,-22.960048662],[-44.341384905999995,-22.960488436999995],[-44.342610821,-22.962344631]]],[[[-44.398313565,-22.959056659],[-44.398454999,-22.956488332999996],[-44.397440276,-22.956683251],[-44.398313565,-22.959056659]]],[[[-44.351103855999995,-22.953046349999997],[-44.35342262099999,-22.955101671999998],[-44.3515235,-22.952739383999994],[-44.351103855999995,-22.953046349999997]]],[[[-44.400508983,-22.951547311],[-44.399009961999994,-22.95129442199999],[-44.400257239999995,-22.952579937],[-44.400508983,-22.951547311]]],[[[-44.368677649,-22.946812033000004],[-44.368504522,-22.947120259],[-44.368862318999994,-22.94709900199999],[-44.368677649,-22.946812033000004]]],[[[-44.368653236,-22.946332093],[-44.369655877,-22.947154660999992],[-44.368773076,-22.945531913],[-44.368653236,-22.946332093]]],[[[-44.410536031999996,-22.946118672000004],[-44.410735919,-22.946197071999997],[-44.41061376599999,-22.946036862999993],[-44.410536031999996,-22.946118672000004]]],[[[-44.410939507,-22.945716444],[-44.410721112,-22.946040271],[-44.410958015,-22.946033453999995],[-44.410939507,-22.945716444]]],[[[-44.410077032,-22.945273308999997],[-44.409751289999996,-22.944946071000007],[-44.409928968,-22.94528694399999],[-44.410077032,-22.945273308999997]]],[[[-44.36948609899999,-22.944019674999993],[-44.36881448999999,-22.944160406999995],[-44.368958026,-22.944371298999993],[-44.36948609899999,-22.944019674999993]]],[[[-44.370078002999996,-22.943257219999992],[-44.36836772,-22.942562096],[-44.368609554,-22.943834548000005],[-44.370078002999996,-22.943257219999992]]],[[[-44.36999761799999,-22.941131676],[-44.36871112099999,-22.941860329999997],[-44.369681552,-22.942438441],[-44.36999761799999,-22.941131676]]],[[[-44.34865553,-22.932418129999995],[-44.348984797,-22.932385497000002],[-44.348637518,-22.932206899999994],[-44.34865553,-22.932418129999995]]],[[[-44.345615377,-22.931817556999988],[-44.347500118,-22.931484040999997],[-44.346003399999994,-22.930399683999998],[-44.345615377,-22.931817556999988]]],[[[-44.153358158,-23.220442203999998],[-44.148766961999996,-23.223110310999996],[-44.162312128,-23.226393564999995],[-44.153358158,-23.220442203999998]]],[[[-44.17973179,-23.18398929],[-44.180297280000005,-23.183066987],[-44.17911717,-23.183206807999998],[-44.17973179,-23.18398929]]],[[[-44.183335502,-23.184007512],[-44.18256092,-23.183058510000002],[-44.182039086,-23.183175759999994],[-44.183335502,-23.184007512]]],[[[-44.348321884,-23.226957058],[-44.233560077,-23.090599574999995],[-44.189937134,-23.102716787],[-44.217744645,-23.109233342000003],[-44.164427095,-23.141905818999998],[-44.126659845,-23.119560286000002],[-44.14072222099999,-23.157341480999996],[-44.094502928999994,-23.174753449000004],[-44.29896196499999,-23.177327216],[-44.33339387299999,-23.223617008999998],[-44.348321884,-23.226957058]]],[[[-44.16750644500001,-23.137450622],[-44.167439362,-23.137842731000003],[-44.167752711,-23.137708221000004],[-44.16750644500001,-23.137450622]]],[[[-44.16624279399999,-23.135304693999995],[-44.167327239,-23.136800907999998],[-44.167289258,-23.135091206],[-44.16624279399999,-23.135304693999995]]],[[[-44.14982149499999,-23.125915432000003],[-44.151311119,-23.126293029],[-44.14984016300001,-23.125522729999997],[-44.14982149499999,-23.125915432000003]]],[[[-44.14065157299999,-23.119357591],[-44.14014327499999,-23.119519548999993],[-44.140857246,-23.119737061999995],[-44.14065157299999,-23.119357591]]],[[[-44.167306004,-23.115396355000005],[-44.165671059,-23.114410307000004],[-44.164565804999995,-23.114449251],[-44.167306004,-23.115396355000005]]],[[[-44.141479686,-23.107292286],[-44.141450676,-23.107117438000003],[-44.141392186,-23.10712409499999],[-44.141479686,-23.107292286]]],[[[-44.141020123,-23.106552167999997],[-44.139419824,-23.10609316],[-44.141041946,-23.106632875999992],[-44.141020123,-23.106552167999997]]],[[[-44.309957033,-23.091464426],[-44.30928054099999,-23.09056655199999],[-44.309108876,-23.091269051999998],[-44.309957033,-23.091464426]]],[[[-44.240373517,-23.085425822],[-44.241007186999994,-23.086874044],[-44.24136158999999,-23.086775673],[-44.240373517,-23.085425822]]],[[[-44.215868588,-23.086060852000003],[-44.215054119,-23.085858802999994],[-44.215361749,-23.086400578000003],[-44.215868588,-23.086060852000003]]],[[[-44.311915782,-23.086815905999998],[-44.31198015,-23.084998319999997],[-44.31014217,-23.085172013999998],[-44.311915782,-23.086815905999998]]],[[[-44.33037646199999,-23.08736315],[-44.332536226,-23.08491488199999],[-44.329296551,-23.083233880000005],[-44.33037646199999,-23.08736315]]],[[[-44.24033369099999,-23.085178749000004],[-44.240306114,-23.085042253000005],[-44.240203869999995,-23.085078474000003],[-44.24033369099999,-23.085178749000004]]],[[[-44.243769658,-23.083646010999995],[-44.239805482,-23.08440214],[-44.244098948,-23.084275365999993],[-44.243769658,-23.083646010999995]]],[[[-44.240664943,-23.083732794999996],[-44.241066893,-23.083829133],[-44.24065425399999,-23.083617358999994],[-44.240664943,-23.083732794999996]]],[[[-44.230128661,-23.083680299999997],[-44.22878975799999,-23.082723007],[-44.228236891,-23.083007064],[-44.230128661,-23.083680299999997]]],[[[-44.240107476,-23.077834679],[-44.241240898,-23.077440042],[-44.239967084,-23.077275881000002],[-44.240107476,-23.077834679]]],[[[-44.228313974,-23.077482915000004],[-44.227050065,-23.077571623],[-44.228257001,-23.077870452999992],[-44.228313974,-23.077482915000004]]],[[[-44.251908549999996,-23.071788888000004],[-44.255014447,-23.070511046999997],[-44.250583844,-23.070227779999993],[-44.251908549999996,-23.071788888000004]]],[[[-44.31639771799999,-23.064519914999998],[-44.315357855,-23.064556335999992],[-44.31630830499999,-23.064869517],[-44.31639771799999,-23.064519914999998]]],[[[-44.33827793999999,-23.06140571999999],[-44.33874080999999,-23.061594036000002],[-44.33854754299999,-23.061339897999993],[-44.33827793999999,-23.06140571999999]]],[[[-44.313587146,-23.057186709],[-44.31632508399999,-23.062926205],[-44.319225847,-23.061737403999995],[-44.313587146,-23.057186709]]],[[[-44.32987223699999,-23.056268354999997],[-44.330586499,-23.055428444999993],[-44.329224546999995,-23.055214388999996],[-44.32987223699999,-23.056268354999997]]],[[[-44.329113549999995,-23.055431218999995],[-44.32810628199999,-23.054838770999996],[-44.328888852999995,-23.056038480000005],[-44.329113549999995,-23.055431218999995]]],[[[-44.333156329,-23.055678269],[-44.33272290199999,-23.054704513],[-44.332467774,-23.055060081000004],[-44.333156329,-23.055678269]]],[[[-44.312687135,-23.053094074],[-44.31691950799999,-23.055809264999997],[-44.317912801,-23.054016704],[-44.312687135,-23.053094074]]],[[[-44.268541748,-23.053477002999987],[-44.26907492,-23.054573879999992],[-44.269082154,-23.053757726],[-44.268541748,-23.053477002999987]]],[[[-44.333716216999996,-23.052975141],[-44.333580360999996,-23.054636182999992],[-44.33456636299999,-23.054310216999994],[-44.333716216999996,-23.052975141]]],[[[-44.30869050799999,-23.05028426599999],[-44.308320576,-23.051145998],[-44.30912310299999,-23.05072821],[-44.30869050799999,-23.05028426599999]]],[[[-44.136089705,-23.043602475999997],[-44.139454437999994,-23.042523115000005],[-44.136665738,-23.040446368999998],[-44.136089705,-23.043602475999997]]],[[[-44.162077158,-23.040059567999997],[-44.158114172999994,-23.040939456000004],[-44.15903335499999,-23.04200837299999],[-44.162077158,-23.040059567999997]]],[[[-44.129308372,-23.042199538999995],[-44.129405128,-23.035988631000002],[-44.12321361,-23.039733835],[-44.129308372,-23.042199538999995]]],[[[-44.298665241,-23.038349477],[-44.298332218,-23.038835666],[-44.298455246,-23.038962234999993],[-44.298665241,-23.038349477]]],[[[-44.298644537,-23.037721956999995],[-44.29833652199999,-23.037744899999996],[-44.298457194,-23.037970906],[-44.298644537,-23.037721956999995]]],[[[-44.279661651,-23.033985085000005],[-44.280123387,-23.035813122],[-44.280376649,-23.034217904000005],[-44.279661651,-23.033985085000005]]],[[[-44.28326497799999,-23.033892876],[-44.284449522,-23.033919725999993],[-44.284160774,-23.033274903],[-44.28326497799999,-23.033892876]]],[[[-44.29706353499999,-23.032412341999997],[-44.29640536099999,-23.031097145],[-44.296151013999996,-23.030918088999996],[-44.29706353499999,-23.032412341999997]]],[[[-44.327217188999995,-23.029573183],[-44.32658510899999,-23.028566232999992],[-44.32708126699999,-23.029718763],[-44.327217188999995,-23.029573183]]],[[[-44.280666974999995,-23.026911404999996],[-44.28104001199999,-23.027091424000005],[-44.280838135,-23.026691901999992],[-44.280666974999995,-23.026911404999996]]],[[[-44.33273015699999,-23.025525244],[-44.331662681,-23.02823701599999],[-44.333881473999995,-23.026539582999998],[-44.33273015699999,-23.025525244]]],[[[-44.285911070999994,-23.025901757999996],[-44.287213567,-23.027783806000002],[-44.28802591,-23.026132798],[-44.285911070999994,-23.025901757999996]]],[[[-44.27990536699999,-23.026794365999994],[-44.27823541299999,-23.025315021],[-44.27964088,-23.027417006999997],[-44.27990536699999,-23.026794365999994]]],[[[-44.285033329,-23.026255502999994],[-44.285600712999994,-23.026116456000004],[-44.284898996,-23.025940208],[-44.285033329,-23.026255502999994]]],[[[-44.309157886,-23.025505261000003],[-44.310122322999995,-23.025331458999997],[-44.310430618999995,-23.024690921],[-44.309157886,-23.025505261000003]]],[[[-44.284367898,-23.024379342999996],[-44.284718195,-23.026390408],[-44.284899115,-23.024425581999996],[-44.284367898,-23.024379342999996]]],[[[-44.269466212,-23.024706433999995],[-44.26889393599999,-23.024319920999993],[-44.269374435,-23.025219174999997],[-44.269466212,-23.024706433999995]]],[[[-44.332081084,-23.023605229000005],[-44.33124420299999,-23.023181850999993],[-44.331919637,-23.023736362000005],[-44.332081084,-23.023605229000005]]],[[[-44.319893560999994,-23.019953145000006],[-44.31857481699999,-23.018729828],[-44.319293107,-23.020140914000002],[-44.319893560999994,-23.019953145000006]]],[[[-44.276231711,-23.017845459000004],[-44.27716743,-23.017788716999988],[-44.27713315,-23.017402433000004],[-44.276231711,-23.017845459000004]]],[[[-44.321434693,-23.017387384999996],[-44.320777359999994,-23.016816389000002],[-44.321109724,-23.01753014],[-44.321434693,-23.017387384999996]]],[[[-44.26732521099999,-23.013648584999995],[-44.268793505,-23.014803537],[-44.269254623,-23.014458324999996],[-44.26732521099999,-23.013648584999995]]],[[[-44.30150761,-23.008884851999998],[-44.302513427,-23.010278305999996],[-44.302101718,-23.008152966999994],[-44.30150761,-23.008884851999998]]],[[[-44.30884813000001,-23.009774624000002],[-44.30905924199999,-23.008035624000005],[-44.307448069,-23.007744225999996],[-44.30884813000001,-23.009774624000002]]],[[[-44.340814091,-22.98588779],[-44.342118705,-22.985671492],[-44.340990171,-22.985235092],[-44.340814091,-22.98588779]]],[[[-44.33496397,-22.981854201999994],[-44.33590472099999,-22.9817254],[-44.335060457,-22.981325668999997],[-44.33496397,-22.981854201999994]]],[[[-44.330378983,-22.980558322],[-44.32980162,-22.978395613999997],[-44.329149342,-22.978325654000002],[-44.330378983,-22.980558322]]],[[[-44.339758157999995,-22.978681019999996],[-44.341471911,-22.976423608999994],[-44.340189597,-22.975545119999996],[-44.339758157999995,-22.978681019999996]]],[[[-44.327664576,-22.972107703],[-44.329024738,-22.972584819999998],[-44.32911813199999,-22.972257156999994],[-44.327664576,-22.972107703]]],[[[-44.314909711,-22.969324333],[-44.316392073,-22.969289621],[-44.314995847,-22.968869149000007],[-44.314909711,-22.969324333]]],[[[-44.312489060999994,-22.967489527999998],[-44.311901234,-22.966416418999998],[-44.311537561,-22.967130269999995],[-44.312489060999994,-22.967489527999998]]],[[[-44.318545736,-22.967629649000003],[-44.31777761,-22.965885529],[-44.316698771999995,-22.966392200000005],[-44.318545736,-22.967629649000003]]],[[[-44.34210806699999,-22.962722999000004],[-44.340611033,-22.963150765000005],[-44.342392006,-22.963859026],[-44.34210806699999,-22.962722999000004]]],[[[-44.320585217,-22.959963043999995],[-44.32134945,-22.962645266999996],[-44.321741106,-22.96024649299999],[-44.320585217,-22.959963043999995]]],[[[-44.334584542,-22.953664793000005],[-44.338653132,-22.95498401099999],[-44.33504233299999,-22.947446191],[-44.334584542,-22.953664793000005]]],[[[-44.33642785199999,-22.946723576],[-44.33598229,-22.946899421000005],[-44.33631790799999,-22.947117893999998],[-44.33642785199999,-22.946723576]]],[[[-44.344883186,-22.938295288999996],[-44.337672363,-22.94051587199999],[-44.343035865999994,-22.942682861],[-44.344883186,-22.938295288999996]]],[[[-44.333942012,-22.928157539],[-44.333784462,-22.928716141],[-44.33395529599999,-22.928606917000003],[-44.333942012,-22.928157539]]],[[[-44.33162763499999,-22.927867454999998],[-44.331381657,-22.928387067000003],[-44.332033217,-22.928821112999998],[-44.33162763499999,-22.927867454999998]]],[[[-44.332284075,-22.928485156],[-44.333534848,-22.927039156000003],[-44.331398478,-22.925861791000003],[-44.332284075,-22.928485156]]],[[[-44.094228999,-23.174860460000005],[-44.094382976,-23.175155204000003],[-44.094421692999994,-23.17487735499999],[-44.094228999,-23.174860460000005]]],[[[-44.091389875,-23.174132612999998],[-44.092916257999995,-23.173433430999996],[-44.090812032,-23.173114785999996],[-44.091389875,-23.174132612999998]]],[[[-44.121109325,-23.147616754000005],[-44.120488533999996,-23.147853064999996],[-44.12097957999999,-23.148172264999996],[-44.121109325,-23.147616754000005]]],[[[-44.107913697,-23.143105877999997],[-44.108699898999994,-23.143272222],[-44.108273492,-23.142934173],[-44.107913697,-23.143105877999997]]],[[[-44.109164495,-23.138693468],[-44.10900304,-23.142491097],[-44.110076663,-23.142429509999996],[-44.109164495,-23.138693468]]],[[[-44.10302848599999,-23.138405174],[-44.10345479099999,-23.138433757999998],[-44.10299057699999,-23.138307109999996],[-44.10302848599999,-23.138405174]]],[[[-44.118384894,-23.098991514000005],[-44.12112368399999,-23.100597079000003],[-44.119392135999995,-23.098500325000003],[-44.118384894,-23.098991514000005]]],[[[-44.01121782199999,-23.08698199499999],[-44.012038954,-23.086286760999993],[-44.01053224199999,-23.085375479999993],[-44.01121782199999,-23.08698199499999]]],[[[-44.11181619,-23.037896753999995],[-44.111812657,-23.038780092999993],[-44.112335026,-23.03812879],[-44.11181619,-23.037896753999995]]],[[[-44.113022265,-23.037205891],[-44.11224554299999,-23.036739501],[-44.11233502099999,-23.037455053000002],[-44.113022265,-23.037205891]]],[[[-44.110407716999994,-23.025479909000005],[-44.11047919999999,-23.025967409],[-44.110792471,-23.025753661000003],[-44.110407716999994,-23.025479909000005]]],[[[-44.110469673,-23.024610856000002],[-44.11027437399999,-23.024886737],[-44.110574136,-23.024773877],[-44.110469673,-23.024610856000002]]],[[[-43.953408716999995,-23.022427351],[-43.950987874999996,-23.025522876999997],[-43.95421116199999,-23.024962819000002],[-43.953408716999995,-23.022427351]]],[[[-44.108848232999996,-23.023256519],[-44.10893907,-23.023528224],[-44.109034449,-23.023335940999996],[-44.108848232999996,-23.023256519]]],[[[-44.110972507999996,-23.023376058000004],[-44.109489669999995,-23.022451021999995],[-44.110105155,-23.023928727],[-44.110972507999996,-23.023376058000004]]],[[[-43.945145542999995,-23.020173640000003],[-43.945261380999995,-23.024437738],[-43.94787275499999,-23.024451301000003],[-43.945145542999995,-23.020173640000003]]],[[[-43.943159285,-23.018871946999997],[-43.94464514,-23.01917007],[-43.943355821,-23.018400204],[-43.943159285,-23.018871946999997]]],[[[-43.940596677,-23.016144625999992],[-43.940109238,-23.016637143],[-43.94074938999999,-23.016641767999992],[-43.940596677,-23.016144625999992]]],[[[-43.940502176,-23.015146571999995],[-43.940610846999995,-23.015416334999998],[-43.940852278,-23.015204848999996],[-43.940502176,-23.015146571999995]]],[[[-43.96558274499999,-23.015418468999997],[-43.965605982,-23.015176144000005],[-43.965417471,-23.015023565999993],[-43.96558274499999,-23.015418468999997]]],[[[-43.965506242000004,-23.013445005999998],[-43.964408363,-23.012808834999994],[-43.964940034,-23.013670708],[-43.965506242000004,-23.013445005999998]]],[[[-43.930541827,-23.012015899999998],[-43.929933664,-23.012800132],[-43.93027101999999,-23.01310184999999],[-43.930541827,-23.012015899999998]]],[[[-44.07697082,-23.011724311999995],[-44.07691491899999,-23.011904300000005],[-44.077352076,-23.012126297],[-44.07697082,-23.011724311999995]]],[[[-43.92502913199999,-23.007378256999996],[-43.925234527,-23.007761184000003],[-43.92540958899999,-23.007604168999997],[-43.92502913199999,-23.007378256999996]]],[[[-43.952854696,-23.004612278999996],[-43.952550777,-23.009897937],[-43.955053958,-23.005895094000003],[-43.952854696,-23.004612278999996]]],[[[-43.948689044999995,-23.004577813],[-43.94837956799999,-23.00462913],[-43.94857817,-23.004754406999997],[-43.948689044999995,-23.004577813]]],[[[-43.944571548,-23.004036431000003],[-43.945393311,-23.00386895199999],[-43.94476984199999,-23.003788556999993],[-43.944571548,-23.004036431000003]]],[[[-43.946227638,-23.004265688],[-43.947162002,-23.003769402999996],[-43.945979741,-23.00350561299999],[-43.946227638,-23.004265688]]],[[[-44.03482707,-22.996258344999998],[-44.038079538,-23.011693245999997],[-44.053242622,-23.006855512000005],[-44.03482707,-22.996258344999998]]],[[[-43.943431231,-23.003637883],[-43.943228449,-23.003954042000004],[-43.94378098699999,-23.004106646],[-43.943431231,-23.003637883]]],[[[-43.947600812,-23.003512067000003],[-43.948014263,-23.003892983000004],[-43.948178541,-23.003407143000004],[-43.947600812,-23.003512067000003]]],[[[-43.953109939,-23.003521533999997],[-43.95481444199999,-23.002382712999996],[-43.95211084499999,-23.000846434999996],[-43.953109939,-23.003521533999997]]],[[[-43.936961699,-22.998119994],[-43.93045642300001,-23.011789324000002],[-43.935454471,-23.015082082000003],[-43.936961699,-22.998119994]]],[[[-43.91248034699999,-22.996939498999996],[-43.912956457,-22.996271858],[-43.91227340799999,-22.996146907000004],[-43.91248034699999,-22.996939498999996]]],[[[-43.915956214999994,-22.995455931000006],[-43.91643488399999,-22.995106617999998],[-43.916216939,-22.994718399000003],[-43.915956214999994,-22.995455931000006]]],[[[-43.908567176,-22.98962409],[-43.910283756,-22.995199126],[-43.913475386,-22.995413129],[-43.908567176,-22.98962409]]],[[[-44.04026061,-22.988382169],[-44.04490646199999,-22.98860418999999],[-44.04295242,-22.986599729],[-44.04026061,-22.988382169]]],[[[-43.921069911,-22.985179437000003],[-43.921652013,-22.988254182],[-43.923282554,-22.98755337399999],[-43.921069911,-22.985179437000003]]],[[[-43.92266676,-22.982803585000003],[-43.924166959999994,-22.983281847999997],[-43.923429692,-22.982305503999992],[-43.92266676,-22.982803585000003]]],[[[-43.936133892,-22.982389355999995],[-43.935206917,-22.981063130999996],[-43.93465916900001,-22.981314187999992],[-43.936133892,-22.982389355999995]]],[[[-43.909097201,-22.979457898000003],[-43.913162812,-22.983905568],[-43.915385202,-22.980949549000005],[-43.909097201,-22.979457898000003]]],[[[-43.91606218,-22.978554091000003],[-43.91721970799999,-22.978833972999993],[-43.91626242499999,-22.977880463],[-43.91606218,-22.978554091000003]]],[[[-44.00673384899999,-22.964954553999995],[-44.006788659,-22.965248529999997],[-44.007051982,-22.965389604000002],[-44.00673384899999,-22.964954553999995]]],[[[-44.006352813,-22.964409279999995],[-44.006010128,-22.964492314],[-44.006219346,-22.964638452000003],[-44.006352813,-22.964409279999995]]],[[[-44.000657773,-22.961871161999994],[-43.999734094999994,-22.962325601000003],[-44.00127979599999,-22.963199306000003],[-44.000657773,-22.961871161999994]]],[[[-43.911218936999994,-22.962242249999996],[-43.912183113,-22.960810304999995],[-43.910939719,-22.960313972999995],[-43.911218936999994,-22.962242249999996]]],[[[-43.947069386,-22.959342015],[-43.950780394999995,-22.960672880999997],[-43.951909559,-22.95994533],[-43.947069386,-22.959342015]]],[[[-43.998032534,-22.960185990000003],[-43.998406185,-22.960165698999997],[-43.99823126599999,-22.959982806],[-43.998032534,-22.960185990000003]]],[[[-43.87584238600001,-22.958970631],[-43.876115321,-22.959269490000004],[-43.876351371999995,-22.959242321],[-43.87584238600001,-22.958970631]]],[[[-43.87377263399999,-22.958108300000003],[-43.873121111,-22.958572790999998],[-43.874007863,-22.958443182],[-43.87377263399999,-22.958108300000003]]],[[[-43.864338492,-22.95572934899999],[-43.86387602599999,-22.955458162999992],[-43.86368134599999,-22.955530762999995],[-43.864338492,-22.95572934899999]]],[[[-43.863244827,-22.955685937000002],[-43.859998513,-22.950242601],[-43.855777588,-22.950452706999997],[-43.857434477,-22.954760275999995],[-43.863244827,-22.955685937000002]]],[[[-43.927575831,-22.947173761],[-43.928362791,-22.94879592399999],[-43.929010325,-22.948885915999995],[-43.927575831,-22.947173761]]],[[[-44.009315278,-22.947575309999998],[-44.007887102999995,-22.947079835999997],[-44.00866195799999,-22.94814360199999],[-44.009315278,-22.947575309999998]]],[[[-43.85709315599999,-22.94526668],[-43.85851473999999,-22.946193836999992],[-43.85901138,-22.946222381],[-43.85709315599999,-22.94526668]]],[[[-43.86418646399999,-22.945067762999997],[-43.866339015,-22.945888462],[-43.86612066899999,-22.944546349999992],[-43.86418646399999,-22.945067762999997]]],[[[-43.923584025,-22.94485861],[-43.922145609999994,-22.944494103],[-43.92369356999999,-22.945668984999998],[-43.923584025,-22.94485861]]],[[[-43.96729646599999,-22.943410942],[-43.966449229,-22.94511787],[-43.96716518899999,-22.945581793],[-43.96729646599999,-22.943410942]]],[[[-43.963392879999994,-22.944921010000005],[-43.96178459400001,-22.943002181],[-43.961227756,-22.943388898999995],[-43.963392879999994,-22.944921010000005]]],[[[-43.915132659,-22.941608091],[-43.920837379,-22.944709129999996],[-43.920999265000006,-22.942027903999996],[-43.915132659,-22.941608091]]],[[[-43.89353737,-22.93408824599999],[-43.87309540399999,-22.948027452],[-43.907020566,-22.958665436],[-43.91232512599999,-22.935115531000005],[-43.89353737,-22.93408824599999]]],[[[-43.85488349,-22.941910133],[-43.85393693999999,-22.941168892000004],[-43.85405522199999,-22.941661532999994],[-43.85488349,-22.941910133]]],[[[-43.959688311,-22.933065949999996],[-43.959707761,-22.933476332000005],[-43.95996823699999,-22.933476931000005],[-43.959688311,-22.933065949999996]]],[[[-43.960998178,-22.93265445999999],[-43.960793431,-22.932849525999995],[-43.960984057,-22.932911295999997],[-43.960998178,-22.93265445999999]]],[[[-43.887073801999996,-22.927079224],[-43.888219836,-22.927129296999997],[-43.887245785,-22.926676537],[-43.887073801999996,-22.927079224]]],[[[-43.86502832499999,-22.924584122000002],[-43.863513657,-22.925346463999997],[-43.866177895,-22.925475531],[-43.86502832499999,-22.924584122000002]]],[[[-43.876265962,-22.924441480999995],[-43.87635116399999,-22.923448959999998],[-43.875835109,-22.923497576999996],[-43.876265962,-22.924441480999995]]],[[[-43.876648643,-22.922802659],[-43.87694437399999,-22.922717299999995],[-43.876591669,-22.922556302],[-43.876648643,-22.922802659]]],[[[-43.84121121999999,-22.907633957],[-43.84135817699999,-22.907508258999997],[-43.84117972899999,-22.907513094000002],[-43.84121121999999,-22.907633957]]],[[[-43.841101002,-22.907368057],[-43.841300444999995,-22.907401899],[-43.84121121999999,-22.907295539000007],[-43.841101002,-22.907368057]]],[[[-43.840912057,-22.907077984],[-43.840859573,-22.907353552999997],[-43.84112199599999,-22.907227855],[-43.840912057,-22.907077984]]],[[[-43.84242886599999,-22.906444653999994],[-43.842602066,-22.906512338],[-43.84252858699999,-22.906362465999994],[-43.84242886599999,-22.906444653999994]]],[[[-43.84198881399999,-22.906135843999998],[-43.841608628,-22.906467618],[-43.842178908,-22.906550562000003],[-43.84198881399999,-22.906135843999998]]],[[[-43.83474451499999,-23.115716451],[-43.836626854,-23.116340184],[-43.835183958,-23.115039109000005],[-43.83474451499999,-23.115716451]]],[[[-43.568963868999994,-23.081329538],[-43.569031368,-23.081601541],[-43.569160806,-23.081357848],[-43.568963868999994,-23.081329538]]],[[[-43.561375744,-23.078737275],[-43.55947437,-23.081156781999994],[-43.563786308,-23.081934104],[-43.561375744,-23.078737275]]],[[[-43.199642376,-23.073012325999994],[-43.199185908,-23.074678533],[-43.200476192,-23.073663428999996],[-43.199642376,-23.073012325999994]]],[[[-43.573192688999995,-23.072723138],[-43.57409731399999,-23.073376568999993],[-43.574303291999996,-23.072790546000004],[-43.573192688999995,-23.072723138]]],[[[-43.197572466,-23.068601697],[-43.192784887,-23.074102079999992],[-43.199159712,-23.071232999],[-43.197572466,-23.068601697]]],[[[-43.510156804,-23.065701715],[-43.511412275,-23.061265342],[-43.507894637999996,-23.064538100999997],[-43.510156804,-23.065701715]]],[[[-44.012044863999996,-23.079738741],[-43.614277569,-23.030968952999995],[-43.600939649,-23.040526174999997],[-43.57695167699999,-23.048135193999997],[-43.565933693999995,-23.057537833],[-44.012044863999996,-23.079738741]]],[[[-43.511344223,-23.060678834000004],[-43.51249663899999,-23.060754401999997],[-43.51102380700001,-23.060210768999998],[-43.511344223,-23.060678834000004]]],[[[-43.567423817,-23.059886135000006],[-43.56766262499999,-23.059915003999993],[-43.567479465,-23.059692081999998],[-43.567423817,-23.059886135000006]]],[[[-43.56633303699999,-23.05861734],[-43.566225284,-23.059157119],[-43.566532357999996,-23.059065486],[-43.56633303699999,-23.05861734]]],[[[-43.565994292,-23.05823278],[-43.56769001799999,-23.059274355],[-43.566033856,-23.058000433000007],[-43.565994292,-23.05823278]]],[[[-43.56582075399999,-23.058816548000003],[-43.565733847,-23.058702030000003],[-43.56573475599999,-23.058835081],[-43.56582075399999,-23.058816548000003]]],[[[-43.563670112,-23.057430477999997],[-43.56294474,-23.058102082000005],[-43.56377706199999,-23.059093031999996],[-43.563670112,-23.057430477999997]]],[[[-43.56579057399999,-23.057205582],[-43.565552984,-23.055419767],[-43.565282187,-23.058150445999996],[-43.56579057399999,-23.057205582]]],[[[-43.564229614999995,-23.054431147000003],[-43.56363540099999,-23.053795025],[-43.563279896999994,-23.054836217999995],[-43.564229614999995,-23.054431147000003]]],[[[-43.50774139899999,-23.053341817000003],[-43.509511526999994,-23.05305887],[-43.507938365,-23.052668177999998],[-43.50774139899999,-23.053341817000003]]],[[[-43.56464445099999,-23.051538299],[-43.566496862,-23.052519827],[-43.569491412999994,-23.050988643],[-43.56464445099999,-23.051538299]]],[[[-43.56936740799999,-23.050903330000004],[-43.569401672,-23.050707262999996],[-43.56906474,-23.050737719999994],[-43.56936740799999,-23.050903330000004]]],[[[-43.56998034099999,-23.049640479999997],[-43.570109821,-23.050472075],[-43.570782756999996,-23.049671482],[-43.56998034099999,-23.049640479999997]]],[[[-43.31054306699999,-23.047161407999994],[-43.31007429499999,-23.046679574999995],[-43.31000315,-23.047299748999993],[-43.31054306699999,-23.047161407999994]]],[[[-43.58466082999999,-23.044393852],[-43.582874141,-23.045191692000003],[-43.583203586,-23.045456882999996],[-43.58466082999999,-23.044393852]]],[[[-43.309987519,-23.044308063],[-43.31047020399999,-23.044399593],[-43.310227565,-23.044073536],[-43.309987519,-23.044308063]]],[[[-43.586840055,-23.044368128],[-43.58648379299999,-23.042927154],[-43.585633978000004,-23.044773309999997],[-43.586840055,-23.044368128]]],[[[-43.592514956,-23.042691581999993],[-43.590486178000006,-23.041407532],[-43.58860692,-23.04265675],[-43.592514956,-23.042691581999993]]],[[[-43.59272567,-23.041219492999996],[-43.593371148,-23.041161936999995],[-43.592776023999996,-23.041075257000006],[-43.59272567,-23.041219492999996]]],[[[-43.57909207899999,-23.040711009999995],[-43.58144707,-23.039056991999992],[-43.588304947999994,-23.035652731999996],[-43.583522976999994,-23.036756143999998],[-43.57909207899999,-23.040711009999995]]],[[[-43.303991847,-23.036504636000007],[-43.302593707999996,-23.038438099999997],[-43.307944639,-23.038709139000005],[-43.303991847,-23.036504636000007]]],[[[-43.316459054999996,-23.037603264999994],[-43.316358586,-23.037186639999994],[-43.315690528999994,-23.03757912],[-43.316459054999996,-23.037603264999994]]],[[[-43.19677304099999,-23.034721818],[-43.205724827,-23.040134684000005],[-43.20826786999999,-23.039866039000003],[-43.19677304099999,-23.034721818]]],[[[-43.60227779400001,-23.039044000999994],[-43.58084641999999,-23.040372320999996],[-43.578480499,-23.046090162999995],[-43.589650227999996,-23.040656045000002],[-43.60227779400001,-23.039044000999994]]],[[[-43.469585488,-23.033757916999996],[-43.46826475,-23.037817063000006],[-43.472179549,-23.035934692000005],[-43.469585488,-23.033757916999996]]],[[[-43.304804105,-23.033950443000002],[-43.304992592,-23.034081116],[-43.304886328,-23.033853294999997],[-43.304804105,-23.033950443000002]]],[[[-43.305541497,-23.033728168],[-43.305674439,-23.033241076999996],[-43.305244830999996,-23.033367758000004],[-43.305541497,-23.033728168]]],[[[-43.195195087,-23.033751486000003],[-43.194915266,-23.032478732999998],[-43.194627251,-23.032595561999997],[-43.195195087,-23.033751486000003]]],[[[-43.30109971099999,-23.031572593999993],[-43.29865003999999,-23.034157988999997],[-43.301322946,-23.033284446000007],[-43.30109971099999,-23.031572593999993]]],[[[-43.193675448,-23.031589505],[-43.19274745199999,-23.031674518],[-43.193731491,-23.031836440999996],[-43.193675448,-23.031589505]]],[[[-43.605292847,-23.033155895999997],[-43.611641447,-23.030185422],[-43.60760880899999,-23.029631530000003],[-43.605292847,-23.033155895999997]]],[[[-43.27592338,-23.028823112],[-43.276667452,-23.030736264999994],[-43.278428772,-23.030182874999998],[-43.27592338,-23.028823112]]],[[[-43.192407818,-23.029005257999998],[-43.191499524,-23.030212838999997],[-43.19263676599999,-23.030115056999996],[-43.192407818,-23.029005257999998]]],[[[-43.60247169899999,-23.026282609999992],[-43.603108531000004,-23.028952836999995],[-43.604570626,-23.027386267999997],[-43.60247169899999,-23.026282609999992]]],[[[-43.191903239999995,-23.025331867999995],[-43.189929246999995,-23.026883779999988],[-43.195257123,-23.027368359],[-43.191903239999995,-23.025331867999995]]],[[[-43.203603694,-23.025314902999995],[-43.202091816,-23.027447559999995],[-43.20633491,-23.025971084],[-43.203603694,-23.025314902999995]]],[[[-43.182801599,-23.021392015999997],[-43.18382311999999,-23.022408977999998],[-43.183671298,-23.02159766],[-43.182801599,-23.021392015999997]]],[[[-43.652766684999996,-23.002961843],[-43.65247567,-23.003173836000002],[-43.65307324199999,-23.003380773999993],[-43.652766684999996,-23.002961843]]],[[[-43.65032373199999,-23.002224459],[-43.650374475999996,-23.002603367],[-43.650786075999996,-23.002599304999997],[-43.65032373199999,-23.002224459]]],[[[-43.660587930999995,-22.999467772000003],[-43.660716789,-22.99995993099999],[-43.66101368,-22.999810411999995],[-43.660587930999995,-22.999467772000003]]],[[[-43.661238630999996,-22.998401886999996],[-43.660673257,-22.998969410999997],[-43.66141105999999,-22.998863837999995],[-43.661238630999996,-22.998401886999996]]],[[[-43.69526259799999,-22.986355199999995],[-43.696235621,-22.986698856999997],[-43.69525341899999,-22.986219991000002],[-43.69526259799999,-22.986355199999995]]],[[[-43.70321399299999,-22.985664594],[-43.707288134,-22.986733166999997],[-43.702879378,-22.985225139],[-43.70321399299999,-22.985664594]]],[[[-43.78641967,-22.926140497000002],[-43.78328950899999,-22.925723115000004],[-43.78586691499999,-22.928911509999992],[-43.78641967,-22.926140497000002]]],[[[-43.81053369,-22.92554919299999],[-43.813055126,-22.924318281],[-43.809312522999996,-22.922765702999996],[-43.81053369,-22.92554919299999]]],[[[-43.814294894,-22.920656155999996],[-43.81095804499999,-22.919884679],[-43.81418600999999,-22.921062684000002],[-43.814294894,-22.920656155999996]]],[[[-43.840308482,-22.90625126999999],[-43.840140531,-22.906333457999995],[-43.840292737,-22.906401143000004],[-43.840308482,-22.90625126999999]]],[[[-43.84081233599999,-22.906463991999992],[-43.840093294999996,-22.905661448999993],[-43.840775597,-22.906642872],[-43.84081233599999,-22.906463991999992]]],[[[-43.8392168,-22.905782314000003],[-43.83925878699999,-22.906057885999992],[-43.83944248499999,-22.905990202],[-43.8392168,-22.905782314000003]]],[[[-43.839998822,-22.905946691],[-43.839851865,-22.905535749000002],[-43.839694411,-22.905999871000006],[-43.839998822,-22.905946691]]],[[[-43.839799381,-22.90568078699999],[-43.83931652099999,-22.905762975],[-43.839437235999995,-22.905917683000006],[-43.839799381,-22.90568078699999]]],[[[-43.838807419999995,-22.905530914],[-43.83879692200001,-22.905801651999997],[-43.83899636400001,-22.905448724999992],[-43.838807419999995,-22.905530914]]],[[[-43.838628971,-22.90541971799999],[-43.838681456,-22.905569591000003],[-43.83874968599999,-22.905410048000004],[-43.838628971,-22.90541971799999]]],[[[-43.174717756999996,-22.893147959999997],[-43.17134626199999,-22.898661022999992],[-43.17589111,-22.895564248999996],[-43.174717756999996,-22.893147959999997]]],[[[-43.211094452999994,-22.887144563999996],[-43.207361765,-22.889039460999996],[-43.20910600300001,-22.891952228],[-43.211094452999994,-22.887144563999996]]],[[[-43.195519336,-22.88709045699999],[-43.197659247999994,-22.888109635],[-43.197818423,-22.887770860999996],[-43.195519336,-22.88709045699999]]],[[[-43.17559851899999,-22.882811635],[-43.173600625,-22.884149118999996],[-43.176923558,-22.884243611999995],[-43.17559851899999,-22.882811635]]],[[[-43.23623882099999,-22.861133625999997],[-43.208316231999994,-22.858529007],[-43.21566520099999,-22.870530775999995],[-43.23623882099999,-22.861133625999997]]],[[[-43.172983694,-22.838418096999998],[-43.17563180599999,-22.837591794000005],[-43.175704403000005,-22.836589913000005],[-43.172983694,-22.838418096999998]]],[[[-43.254316779,-22.825498812999992],[-43.25416627799999,-22.825763416],[-43.254536212,-22.825463181000003],[-43.254316779,-22.825498812999992]]],[[[-43.259922077999995,-22.825091082999993],[-43.257582156999995,-22.826289970999998],[-43.259203576,-22.826619001],[-43.259922077999995,-22.825091082999993]]],[[[-43.255552597,-22.824526546],[-43.25457299799999,-22.824768646000003],[-43.25466149799999,-22.825319452999995],[-43.255552597,-22.824526546]]],[[[-43.230882139,-22.784383796],[-43.170190651999995,-22.831243975000003],[-43.265675294999994,-22.812849803],[-43.230882139,-22.784383796]]],[[[-43.169191664,-22.767542469999995],[-43.16934508799999,-22.767774318999997],[-43.169419479,-22.767598947],[-43.169191664,-22.767542469999995]]],[[[-43.16919569,-22.766943688000005],[-43.169214561,-22.766997054999997],[-43.169230445,-22.766959643],[-43.16919569,-22.766943688000005]]],[[[-43.180811719,-22.725984837999995],[-43.18130446799999,-22.726206070999996],[-43.181386524,-22.725961348000002],[-43.180811719,-22.725984837999995]]],[[[-43.147821930999996,-23.064944324999995],[-43.142853984999995,-23.064102130000002],[-43.142328751,-23.065887140999997],[-43.147821930999996,-23.064944324999995]]],[[[-43.149876346,-22.962275556000005],[-43.149011111,-22.965816578999995],[-43.151430079,-22.966739261],[-43.149876346,-22.962275556000005]]],[[[-43.114956746,-22.952126638000006],[-43.116707977999994,-22.952080768999995],[-43.116718238,-22.951801137],[-43.114956746,-22.952126638000006]]],[[[-43.14847851099999,-22.935310288000004],[-43.147890596,-22.935097669000005],[-43.148578482,-22.935463730000002],[-43.14847851099999,-22.935310288000004]]],[[[-43.146136983999995,-22.934202186999997],[-43.147241399,-22.934986933999998],[-43.14741931199999,-22.93463734499999],[-43.146136983999995,-22.934202186999997]]],[[[-43.16063357099999,-22.912949651999995],[-43.160550273999995,-22.916554001999994],[-43.161366245,-22.916422772999997],[-43.16063357099999,-22.912949651999995]]],[[[-43.125765084,-22.910039147999992],[-43.12519807899999,-22.909970478999995],[-43.126092777,-22.910625052999997],[-43.125765084,-22.910039147999992]]],[[[-43.131180009,-22.908981797999992],[-43.130871502,-22.908887555999996],[-43.130842008,-22.908985558000005],[-43.131180009,-22.908981797999992]]],[[[-43.16699491,-22.896882147],[-43.165853082,-22.897016892000003],[-43.16683872299999,-22.897335808],[-43.16699491,-22.896882147]]],[[[-43.11810981299999,-22.875740450000002],[-43.12004041499999,-22.87725761],[-43.125057653,-22.874599020000005],[-43.11810981299999,-22.875740450000002]]],[[[-43.138182117999996,-22.869081391999995],[-43.131500191,-22.873678642],[-43.138390919,-22.875632310999997],[-43.138182117999996,-22.869081391999995]]],[[[-43.128961251,-22.866244909],[-43.128175671,-22.861543854],[-43.126378707,-22.862585994999996],[-43.128961251,-22.866244909]]],[[[-43.118951724,-22.863681602000007],[-43.126617845,-22.861900538999997],[-43.11678232,-22.858479092999996],[-43.118951724,-22.863681602000007]]],[[[-43.115956569999994,-22.854542164999994],[-43.116484034,-22.85383657],[-43.115783820999994,-22.853734337000002],[-43.115956569999994,-22.854542164999994]]],[[[-43.115540417,-22.833559913999995],[-43.104739526,-22.834766122000005],[-43.10781258099999,-22.840785694999997],[-43.115540417,-22.833559913999995]]],[[[-43.167563977,-22.829222934],[-43.167170410999994,-22.829325306],[-43.167566252,-22.829329855999998],[-43.167563977,-22.829222934]]],[[[-43.16314477,-22.819897760999996],[-43.16247870099999,-22.819711318999996],[-43.16278708699999,-22.820319272],[-43.16314477,-22.819897760999996]]],[[[-43.16526291,-22.813091781],[-43.160698882,-22.81459428],[-43.161662643999996,-22.815131694],[-43.16526291,-22.813091781]]],[[[-43.120074685,-22.806234036000003],[-43.120953789,-22.806161735999996],[-43.120365152,-22.805705846000002],[-43.120074685,-22.806234036000003]]],[[[-43.124255816,-22.805978211],[-43.123288636999995,-22.807045471999995],[-43.12376478299999,-22.807120018],[-43.124255816,-22.805978211]]],[[[-43.11695528599999,-22.802587356],[-43.119614235,-22.803847344999998],[-43.119206591,-22.802809706999998],[-43.11695528599999,-22.802587356]]],[[[-43.108328228999994,-22.801099358000002],[-43.11166566,-22.801668195000005],[-43.10888455599999,-22.800035067],[-43.108328228999994,-22.801099358000002]]],[[[-43.169318414,-22.800054490000008],[-43.168476448999996,-22.800239292999997],[-43.16928049999999,-22.800682653999996],[-43.169318414,-22.800054490000008]]],[[[-43.157717573000006,-22.799863657000003],[-43.157497612,-22.800336923999996],[-43.15783945500001,-22.800288588999994],[-43.157717573000006,-22.799863657000003]]],[[[-43.12392408699999,-22.798405214999992],[-43.122715336,-22.799013548000005],[-43.123733327,-22.799298229],[-43.12392408699999,-22.798405214999992]]],[[[-43.111675539,-22.795700172999993],[-43.113438615,-22.797311700999998],[-43.113774411,-22.796394965999998],[-43.111675539,-22.795700172999993]]],[[[-43.121141437999995,-22.796501369999998],[-43.12275289000001,-22.796356908000003],[-43.121198305,-22.795699432],[-43.121141437999995,-22.796501369999998]]],[[[-43.155821023,-22.794624566000003],[-43.155791112,-22.79472634099999],[-43.155856309,-22.794653627],[-43.155821023,-22.794624566000003]]],[[[-43.155470926999996,-22.794587409],[-43.15549954299999,-22.794651227],[-43.155538214,-22.794619192],[-43.155470926999996,-22.794587409]]],[[[-43.156005962,-22.794377319000002],[-43.155922673,-22.794498311],[-43.15594547399999,-22.794512534],[-43.156005962,-22.794377319000002]]],[[[-43.154938528,-22.794193276999994],[-43.15488319899999,-22.794178010999993],[-43.154890389,-22.794208429],[-43.154938528,-22.794193276999994]]],[[[-43.154986417,-22.794109867999996],[-43.154876439,-22.794115638],[-43.154941187,-22.794169472999993],[-43.154986417,-22.794109867999996]]],[[[-43.15484983799999,-22.794094203000004],[-43.15483071799999,-22.794124859],[-43.15486477899999,-22.794113335000002],[-43.15484983799999,-22.794094203000004]]],[[[-43.155818008,-22.79403629399999],[-43.155797576999994,-22.794040643999992],[-43.15580661199999,-22.794050456999994],[-43.155818008,-22.79403629399999]]],[[[-43.155761107,-22.794540616],[-43.15562174299999,-22.794645531],[-43.15576603299999,-22.794586956999996],[-43.15596390299999,-22.79461202],[-43.155761107,-22.794540616]]],[[[-43.15575045,-22.792094614000003],[-43.15576136,-22.792047154],[-43.155699161,-22.792089942],[-43.15575045,-22.792094614000003]]],[[[-43.155420131,-22.791986866],[-43.155504262,-22.792077524],[-43.155532553,-22.791999148],[-43.155420131,-22.791986866]]],[[[-43.155574597999994,-22.791957079],[-43.155499391999996,-22.791931498999993],[-43.15551227899999,-22.791964594],[-43.155574597999994,-22.791957079]]],[[[-43.1556927,-22.791877451999998],[-43.15565180400001,-22.791944244999993],[-43.155706718,-22.791936643],[-43.1556927,-22.791877451999998]]],[[[-43.155515918999996,-22.791903718],[-43.155535803999996,-22.79189176299999],[-43.155513207,-22.791888117],[-43.155515918999996,-22.791903718]]],[[[-43.155605792,-22.791840754999996],[-43.155544306,-22.791896327],[-43.155622882,-22.791891744000004],[-43.155605792,-22.791840754999996]]],[[[-43.155820543,-22.79183683],[-43.155772049999996,-22.791811008],[-43.155783373,-22.791855871000003],[-43.155820543,-22.79183683]]],[[[-43.15552052799999,-22.791832694999997],[-43.155488456,-22.791827584999997],[-43.155489679,-22.791845198999997],[-43.15552052799999,-22.791832694999997]]],[[[-43.155372894,-22.791754321999996],[-43.155401147,-22.79174641299999],[-43.155370207999994,-22.7917337],[-43.155372894,-22.791754321999996]]],[[[-43.155720709,-22.791777564],[-43.155674549,-22.791685056000006],[-43.155708841,-22.791778798999996],[-43.155720709,-22.791777564]]],[[[-43.152151073999995,-22.790284758],[-43.152349746999995,-22.790395186],[-43.15222841899999,-22.790181363999995],[-43.152151073999995,-22.790284758]]],[[[-43.15197392699999,-22.790229258],[-43.15121854699999,-22.789699942],[-43.15181662,-22.790722683],[-43.15197392699999,-22.790229258]]],[[[-43.14934473299999,-22.789494461999993],[-43.14864665699999,-22.789052180000006],[-43.14858909899999,-22.789455982000003],[-43.14934473299999,-22.789494461999993]]],[[[-43.150935894,-22.786868284999997],[-43.15063467,-22.788073777999994],[-43.151615004,-22.787474689999996],[-43.150935894,-22.786868284999997]]],[[[-43.13809369599999,-22.782659659000004],[-43.137479133,-22.783301582999997],[-43.13835121700001,-22.783044827999998],[-43.13809369599999,-22.782659659000004]]],[[[-43.14044582999999,-22.78166643799999],[-43.140503288999994,-22.782214387],[-43.140892512,-22.78190560599999],[-43.14044582999999,-22.78166643799999]]],[[[-43.138666324,-22.776478821000005],[-43.138192342,-22.777344006],[-43.138521899,-22.777270621999996],[-43.138666324,-22.776478821000005]]],[[[-43.141585729,-22.776605438999997],[-43.13958764099999,-22.776058753999994],[-43.139156244999995,-22.776890925999997],[-43.141585729,-22.776605438999997]]],[[[-43.159840906,-22.775495002999996],[-43.152793259999996,-22.771686695],[-43.152057122,-22.774141382000003],[-43.159840906,-22.775495002999996]]],[[[-43.115125669,-22.76970531],[-43.114419462,-22.769674186],[-43.11534069699999,-22.770424691],[-43.115125669,-22.76970531]]],[[[-43.117116775999996,-22.769124147],[-43.11637999199999,-22.769219668],[-43.117101035,-22.769470224999996],[-43.117116775999996,-22.769124147]]],[[[-43.168955009,-22.768751745999996],[-43.169032368,-22.768733822999998],[-43.168967937000005,-22.768695464999997],[-43.168955009,-22.768751745999996]]],[[[-43.167816376999994,-22.767843775],[-43.167948024,-22.769081188999998],[-43.168496196999996,-22.768713659],[-43.167816376999994,-22.767843775]]],[[[-43.168719377,-22.768124575999995],[-43.16857719899999,-22.767980109],[-43.168634809,-22.768162560999997],[-43.168719377,-22.768124575999995]]],[[[-43.16836326199999,-22.767802928999995],[-43.168427542,-22.767935371999997],[-43.168619359,-22.767809578000005],[-43.16836326199999,-22.767802928999995]]],[[[-43.168205673,-22.767752569999992],[-43.168318801,-22.767674102000004],[-43.168312331,-22.767559016999993],[-43.168205673,-22.767752569999992]]],[[[-43.16780779700001,-22.767571776],[-43.168044199,-22.767704340999998],[-43.168018193,-22.767403531000003],[-43.16780779700001,-22.767571776]]],[[[-43.168778057000004,-22.767640153],[-43.168743401,-22.767387474],[-43.168633409,-22.767530902999994],[-43.168778057000004,-22.767640153]]],[[[-43.168674794,-22.767403459999993],[-43.168525179,-22.767366497999998],[-43.168519294999996,-22.767507410999997],[-43.168674794,-22.767403459999993]]],[[[-43.168820571999994,-22.767154225999995],[-43.169145898,-22.767521942999988],[-43.169148758,-22.767157991999998],[-43.168820571999994,-22.767154225999995]]],[[[-43.168267222,-22.767190678999995],[-43.168340398999995,-22.767256444000004],[-43.16836710599999,-22.767204809999992],[-43.168267222,-22.767190678999995]]],[[[-43.169157188999996,-22.766998989999998],[-43.169113231,-22.767043858000005],[-43.169172243999995,-22.767023793999996],[-43.169157188999996,-22.766998989999998]]],[[[-43.16896302599999,-22.766979910000003],[-43.168872331,-22.767068317],[-43.16894211599999,-22.767079488999997],[-43.16896302599999,-22.766979910000003]]],[[[-43.169168293,-22.766900396],[-43.16913884099999,-22.766801535999992],[-43.169119380999994,-22.766897241999995],[-43.169168293,-22.766900396]]],[[[-43.168724487,-22.766721238999995],[-43.168687177,-22.76679211],[-43.168751523,-22.766791551999997],[-43.168724487,-22.766721238999995]]],[[[-43.16917937,-22.766697937],[-43.169089507,-22.766619125],[-43.16909806900001,-22.766711265],[-43.16917937,-22.766697937]]],[[[-43.120901408,-22.756485161999997],[-43.114541775999996,-22.756370003],[-43.12008203599999,-22.758457760999995],[-43.120901408,-22.756485161999997]]],[[[-43.128792183,-22.748032481],[-43.12564261,-22.746582111999995],[-43.12409992199999,-22.748321419],[-43.128792183,-22.748032481]]],[[[-42.929360373,-23.024928089],[-42.929082674,-23.0251968],[-42.92931448699999,-23.025228502000004],[-42.929360373,-23.024928089]]],[[[-42.928159607999994,-23.022154525],[-42.927881138,-23.024294199000003],[-42.928962897999995,-23.024278973],[-42.928159607999994,-23.022154525]]],[[[-42.920903143000004,-23.012874146999998],[-42.919567779,-23.016649091],[-42.923895511,-23.018638142999997],[-42.920903143000004,-23.012874146999998]]],[[[-42.907191631,-23.006917532000003],[-42.90878637299999,-23.007358341],[-42.90690386299999,-23.005575354999998],[-42.907191631,-23.006917532000003]]],[[[-42.907712198,-23.004688683],[-42.908400244999996,-23.006011368000003],[-42.909512251,-23.005906572999997],[-42.907712198,-23.004688683]]],[[[-42.013046615,-22.998889834],[-41.97457465699999,-22.992163855],[-42.00068578799999,-23.016711980999993],[-42.013046615,-22.998889834]]],[[[-43.0812768,-22.985708117999998],[-43.085687023,-22.989659563000004],[-43.088868021,-22.988020793999997],[-43.0812768,-22.985708117999998]]],[[[-42.037750279,-22.984313150000002],[-42.036979418,-22.984267174999992],[-42.037396081999994,-22.984692577999997],[-42.037750279,-22.984313150000002]]],[[[-43.06265555,-22.981128839000004],[-43.067264176,-22.986240578],[-43.068503649,-22.985876042999998],[-43.06265555,-22.981128839000004]]],[[[-42.03713427099999,-22.981089726],[-42.03823382699999,-22.983350002999998],[-42.038138545,-22.980569711000005],[-42.03713427099999,-22.981089726]]],[[[-43.05470468899999,-22.978865098999997],[-43.052933321000005,-22.979448438999995],[-43.05483019099999,-22.98110958],[-43.05470468899999,-22.978865098999997]]],[[[-41.993155120999994,-22.963397711999995],[-41.985433144999995,-22.963837097999996],[-41.99280803199999,-22.969318853],[-41.993155120999994,-22.963397711999995]]],[[[-42.69134824799999,-22.962294044999997],[-42.691569387,-22.961762010999998],[-42.691005835999995,-22.962129837],[-42.69134824799999,-22.962294044999997]]],[[[-43.102118431,-22.956896713999992],[-43.105595953000005,-22.956825564],[-43.102093741,-22.955314917999996],[-43.102118431,-22.956896713999992]]],[[[-42.46795396899999,-22.943923089],[-42.469455043,-22.944415619999997],[-42.46801831700001,-22.943556165],[-42.46795396899999,-22.943923089]]],[[[-42.029062949,-22.941222899999996],[-42.02984470399999,-22.940528012],[-42.028767016,-22.939862398],[-42.029062949,-22.941222899999996]]],[[[-42.47676616799999,-22.939809301],[-42.475712658,-22.939435363],[-42.476144168,-22.940489044],[-42.47676616799999,-22.939809301]]],[[[-42.47557929199999,-22.938931107000002],[-42.475332961999996,-22.93918754699999],[-42.475536452,-22.93923686200001],[-42.47557929199999,-22.938931107000002]]],[[[-42.474658232,-22.938497132],[-42.474701072,-22.938753572],[-42.474925983,-22.938625352],[-42.474658232,-22.938497132]]],[[[-42.474465452,-22.938102608],[-42.474422612,-22.938516859000003],[-42.474701072,-22.938329459999995],[-42.474465452,-22.938102608]]],[[[-42.473501553,-22.937944798],[-42.473458713,-22.938546447],[-42.473672912,-22.937865893],[-42.473501553,-22.937944798]]],[[[-43.101949016,-22.931352182000005],[-43.101611018,-22.930962435],[-43.101447349,-22.931148131000004],[-43.101949016,-22.931352182000005]]],[[[-41.98904937099999,-22.892201458000006],[-41.978981044,-22.891960134999994],[-41.977104341,-22.901031251999996],[-41.98904937099999,-22.892201458000006]]],[[[-41.961045345,-22.885287696],[-41.960328944,-22.88319843],[-41.960717282999994,-22.885450750999997],[-41.961045345,-22.885287696]]],[[[-41.95925063399999,-22.884168311000003],[-41.959132706,-22.881812650999997],[-41.958148971,-22.882249179999995],[-41.95925063399999,-22.884168311000003]]],[[[-41.939746109,-22.876768563999995],[-41.941989878,-22.879976014],[-41.94296062499999,-22.87849136],[-41.939746109,-22.876768563999995]]],[[[-41.953361907,-22.872443999],[-41.95319995799999,-22.876137762],[-41.953935707,-22.875880126000002],[-41.953361907,-22.872443999]]],[[[-41.93850836299999,-22.870084964],[-41.93796261899999,-22.870004132],[-41.938295637,-22.870404426999997],[-41.93850836299999,-22.870084964]]],[[[-41.945524755,-22.863760196999994],[-41.94030507099999,-22.873606726],[-41.947908805999994,-22.874104696000003],[-41.945524755,-22.863760196999994]]],[[[-41.92134754399999,-22.863587737999996],[-41.918319743999994,-22.86418731799999],[-41.920267636,-22.865532872],[-41.92134754399999,-22.863587737999996]]],[[[-41.922953541000005,-22.863347548999997],[-41.923168306,-22.864848114],[-41.924804464999994,-22.864321863000004],[-41.922953541000005,-22.863347548999997]]],[[[-43.104008361,-22.847771416999997],[-43.10565311,-22.846181917999996],[-43.103699628,-22.845851023999998],[-43.104008361,-22.847771416999997]]],[[[-43.107512629,-22.846788531999998],[-43.10841034,-22.847073920999996],[-43.10780319599999,-22.846459617],[-43.107512629,-22.846788531999998]]],[[[-43.095203604999995,-22.819226970999996],[-43.10195990500001,-22.829695935999997],[-43.10439198,-22.829375231999993],[-43.095203604999995,-22.819226970999996]]],[[[-41.919123709,-22.815603986000003],[-41.918165533,-22.817029431999998],[-41.91945388599999,-22.816689445999998],[-41.919123709,-22.815603986000003]]],[[[-41.91778396,-22.816265227],[-41.9173694,-22.815716546999997],[-41.917431066999995,-22.816217716000004],[-41.91778396,-22.816265227]]],[[[-41.91967889,-22.815750774000005],[-41.919276685,-22.815303869000005],[-41.919120242999995,-22.81550217199999],[-41.91967889,-22.815750774000005]]],[[[-41.92328682499999,-22.813376836],[-41.920861261,-22.813476062999992],[-41.920196753999996,-22.814659669],[-41.92328682499999,-22.813376836]]],[[[-43.105042391999994,-22.791026585999997],[-43.104582499,-22.791273875999998],[-43.104631297,-22.791985042],[-43.105042391999994,-22.791026585999997]]],[[[-43.105246955999995,-22.790149746],[-43.10615153399999,-22.791707185],[-43.106585194999994,-22.79138472],[-43.105246955999995,-22.790149746]]],[[[-43.101192745999995,-22.789412793],[-43.100946491,-22.78964861799999],[-43.101621565,-22.78993966199999],[-43.101192745999995,-22.789412793]]],[[[-43.099490672,-22.788252275999998],[-43.100277725000005,-22.789317191999995],[-43.100576868999994,-22.788961442999994],[-43.099490672,-22.788252275999998]]],[[[-43.10608322099999,-22.776501248999995],[-43.106174101,-22.777771515],[-43.10699993299999,-22.776927291999993],[-43.10608322099999,-22.776501248999995]]],[[[-43.07266283599999,-22.774246036999998],[-43.07262773,-22.774698395999994],[-43.072864492,-22.774565071000005],[-43.07266283599999,-22.774246036999998]]],[[[-43.072848182,-22.773657068999995],[-43.074311627,-22.774119127999995],[-43.073904119,-22.773375904999995],[-43.072848182,-22.773657068999995]]],[[[-43.10230147099999,-22.76284529000001],[-43.101526446,-22.762939019],[-43.10215060099999,-22.763278228999994],[-43.10230147099999,-22.76284529000001]]],[[[-43.069580081,-22.76026415000001],[-43.06987837199999,-22.760665069999995],[-43.06974392699999,-22.760211871999996],[-43.069580081,-22.76026415000001]]],[[[-43.112813522,-22.754069863999998],[-43.102478735,-22.765091377],[-43.110739384,-22.769593737999994],[-43.112813522,-22.754069863999998]]],[[[-43.03072771099999,-22.740388426999996],[-43.030836885,-22.747209304],[-43.032734833,-22.742387425],[-43.03072771099999,-22.740388426999996]]],[[[-41.94142112,-22.739385388],[-41.941600412,-22.739383480000004],[-41.94141349,-22.739337703000004],[-41.94142112,-22.739385388]]],[[[-41.94625842199999,-22.737009753000002],[-41.94184752099999,-22.739128181],[-41.943673492,-22.741026799999993],[-41.94625842199999,-22.737009753000002]]],[[[-41.94600257199999,-22.736604473000003],[-41.946403115,-22.736554883000004],[-41.945972055999995,-22.73652055],[-41.94600257199999,-22.736604473000003]]],[[[-41.940780251999996,-22.736032268999995],[-41.940497964,-22.736333628999994],[-41.940772622,-22.736863874],[-41.940780251999996,-22.736032268999995]]],[[[-41.945999062999995,-22.727726495999992],[-41.945842240000005,-22.727881936000003],[-41.946209811,-22.727977655999993],[-41.945999062999995,-22.727726495999992]]],[[[-41.924183617,-22.721899244999992],[-41.92207180599999,-22.725473203999993],[-41.926537471,-22.723721657000002],[-41.924183617,-22.721899244999992]]],[[[-43.063876758,-22.694821019],[-43.06398399,-22.694273890999998],[-43.06349764,-22.694677347999995],[-43.063876758,-22.694821019]]],[[[-43.104783242,-22.692383123],[-43.105358290999995,-22.691966911000005],[-43.104870633999994,-22.691973551999997],[-43.104783242,-22.692383123]]],[[[-43.060353436,-22.689915009999996],[-43.061963958999996,-22.690715414999996],[-43.060476348,-22.689454753],[-43.060353436,-22.689915009999996]]],[[[-41.983205612,-22.596894616000004],[-41.982212025,-22.596467521],[-41.98304781299999,-22.597051419],[-41.983205612,-22.596894616000004]]],[[[-41.933861101,-22.541738158999998],[-41.934699079,-22.541504715000002],[-41.933776873,-22.54160855599999],[-41.933861101,-22.541738158999998]]],[[[-41.941511816,-22.541086798000002],[-41.941930358,-22.541738552],[-41.942095033,-22.541145224999998],[-41.941511816,-22.541086798000002]]],[[[-41.93526258100001,-22.540761686],[-41.935028831,-22.540617814000008],[-41.93513112299999,-22.540815674000005],[-41.93526258100001,-22.540761686]]],[[[-41.941669075,-22.540481349999993],[-41.941505044,-22.540443201999995],[-41.941562263,-22.540551921999995],[-41.941669075,-22.540481349999993]]],[[[-41.93374595,-22.540488977999996],[-41.933814614,-22.540378354],[-41.933669655,-22.540330669],[-41.93374595,-22.540488977999996]]],[[[-41.934115974,-22.540405056999997],[-41.933959572999996,-22.540218137],[-41.934081713,-22.540492754000002],[-41.934115974,-22.540405056999997]]],[[[-41.934112160999995,-22.540076992000003],[-41.93433341099999,-22.539949198999995],[-41.934032051,-22.539895795],[-41.934112160999995,-22.540076992000003]]],[[[-41.943137735,-22.539756557],[-41.943023294,-22.539626857999995],[-41.942920297,-22.539823315],[-41.943137735,-22.539756557]]],[[[-41.93587836499999,-22.539426586000005],[-41.935676185999995,-22.539459012],[-41.935870737,-22.539497157999996],[-41.93587836499999,-22.539426586000005]]],[[[-41.937358281,-22.538517501],[-41.937755947,-22.540042968],[-41.93812209899999,-22.539902580999993],[-41.937358281,-22.538517501]]],[[[-41.918931261,-22.531855806],[-41.91970148099999,-22.533675796999994],[-41.91990012499999,-22.53293875],[-41.918931261,-22.531855806]]],[[[-41.918521493,-22.531503461000003],[-41.91875419,-22.531757138],[-41.91873129999999,-22.531499644999997],[-41.918521493,-22.531503461000003]]],[[[-41.91968116,-22.526580593],[-41.91974982599999,-22.526925823],[-41.919932931999995,-22.526857158999995],[-41.91968116,-22.526580593]]],[[[-44.171449753,-22.659428447],[-44.809085869,-22.403383601],[-43.765705447,-22.062175471999996],[-43.074129015,-22.09334933999999],[-42.269429011,-21.716983066999994],[-42.150949977,-20.974028955],[-41.87473820099999,-20.765934254],[-41.717065162,-21.125279049000003],[-40.959291054,-21.302922764999998],[-41.073268502,-21.51677872899999],[-40.987514106999996,-22.006063245],[-41.674361795,-22.29130151],[-41.962440104,-22.535201809999997],[-41.997840491999995,-22.609332822],[-41.987956613,-22.710437558],[-41.925922005,-22.77033593399999],[-41.863772958,-22.754951261000002],[-41.970817177,-22.823398372999996],[-42.028686206,-22.898424600000002],[-42.033687562999994,-22.945180584999996],[-41.99483069499999,-22.96186503999999],[-42.012766948999996,-22.997445223],[-42.07391171,-22.955523521],[-42.361293317,-22.935465536999992],[-42.604746547,-22.933839620000004],[-43.051714566,-22.981818264000005],[-43.05194483599999,-22.963631886000005],[-43.13530091999999,-22.937975055999996],[-43.098624791,-22.93157455900001],[-43.02623723799999,-22.743482221999997],[-43.032568134,-22.693760504],[-43.084640878,-22.676958565999993],[-43.213010042,-22.726562558],[-43.27862996399999,-22.780486309000004],[-43.266889807,-22.823484226],[-43.232437511,-22.869207197999998],[-43.22472976499999,-22.875301145000005],[-43.201385748,-22.871460885999998],[-43.215972408,-22.88634385],[-43.210843739,-22.897606423999996],[-43.16153781300001,-22.905277927999993],[-43.190115601,-22.990696445999998],[-43.856766005,-22.901869496000003],[-44.053774749999995,-22.942293359],[-44.237644421999995,-23.05653456],[-44.24935513199999,-22.997834215],[-44.29381558699999,-23.025329192999997],[-44.301293152,-23.002188632],[-44.358498233,-23.023688483999997],[-44.299871329999995,-22.958667138],[-44.318944271,-22.956469169],[-44.333010267,-22.967719974000005],[-44.322848362,-22.931501003],[-44.329433607,-22.932565671999992],[-44.331119468999994,-22.925811666999998],[-44.33993088999999,-22.922186020000005],[-44.364376887,-22.92410216799999],[-44.359973836,-22.931917662999993],[-44.373739994,-22.94162951299999],[-44.370312262,-22.948401471999997],[-44.34948319,-22.945788806999996],[-44.376860502,-22.969861600000005],[-44.395836741,-22.947743283],[-44.414293025999996,-22.954095675000005],[-44.407870508,-22.950736118999995],[-44.409287741,-22.943351852999992],[-44.412243561,-22.940871218000005],[-44.43468558299999,-22.963337833],[-44.441359681,-23.026596122999997],[-44.47753062799999,-23.005810744],[-44.668552646,-23.054168567000005],[-44.691019494,-23.08275616],[-44.721050235,-23.198000981],[-44.713611873,-23.233631839000005],[-44.659051811,-23.208077986],[-44.643454598,-23.185224759000004],[-44.625118660999995,-23.222368402999994],[-44.662709957,-23.214001151999998],[-44.69237056,-23.252473013],[-44.648029507,-23.301904638999993],[-44.560258907999994,-23.226378087999997],[-44.58341580599999,-23.268042512999997],[-44.53799316799999,-23.26673341],[-44.502669403,-23.295239669],[-44.58535563499999,-23.359558422],[-44.885950801,-23.235790336999997],[-44.79189818199999,-22.981875898000002],[-44.171449753,-22.659428447]]],[[[-41.906743331,-22.856710661999998],[-41.904157567,-22.859985250000005],[-41.912620245,-22.862366705],[-41.906743331,-22.856710661999998]]],[[[-41.90293711299999,-22.850381379],[-41.903251087,-22.850763742999998],[-41.903503499,-22.850392371],[-41.90293711299999,-22.850381379]]],[[[-41.890745625,-22.843220044999995],[-41.89185073200001,-22.846438969],[-41.893638669,-22.845649218999995],[-41.890745625,-22.843220044999995]]],[[[-41.89641913599999,-22.786285184],[-41.896487802,-22.785747311000005],[-41.89637335999999,-22.786329052000006],[-41.89641913599999,-22.786285184]]],[[[-41.89215986799999,-22.784609715000006],[-41.89212478,-22.784771467000006],[-41.892223665,-22.784592069],[-41.89215986799999,-22.784609715000006]]],[[[-41.82893658999999,-22.784448680999994],[-41.828432717,-22.784603090999997],[-41.82917443600001,-22.784755207],[-41.82893658999999,-22.784448680999994]]],[[[-41.829755929,-22.784404759],[-41.82891317599999,-22.784029741999994],[-41.829231664999995,-22.784533623],[-41.829755929,-22.784404759]]],[[[-41.902595132,-22.783557673999994],[-41.902392952,-22.783519526999992],[-41.902522654,-22.783628246000003],[-41.902595132,-22.783557673999994]]],[[[-41.899901956,-22.782628795],[-41.899783699,-22.78264405499999],[-41.899806589,-22.782747052],[-41.899901956,-22.782628795]]],[[[-41.899848549,-22.782346508999996],[-41.899901956,-22.782459039999996],[-41.899989694,-22.782321712],[-41.899848549,-22.782346508999996]]],[[[-41.82642808300001,-22.772054727999997],[-41.82116104699999,-22.77366578099999],[-41.825379111,-22.776361824],[-41.82642808300001,-22.772054727999997]]],[[[-41.78963737299999,-22.767431267000003],[-41.784906813,-22.770837381000003],[-41.79386332,-22.771701622999995],[-41.78963737299999,-22.767431267000003]]],[[[-41.872053556,-22.766727521],[-41.87258599999999,-22.765958589000004],[-41.872196033,-22.765763962],[-41.872053556,-22.766727521]]],[[[-41.903752441,-22.755406820999998],[-41.903596703,-22.756135538],[-41.90405238099999,-22.755888200000005],[-41.903752441,-22.755406820999998]]],[[[-41.887547142,-22.752898442],[-41.88695428999999,-22.752489269000005],[-41.88714692199999,-22.752944770999996],[-41.887547142,-22.752898442]]],[[[-41.874149133,-22.729550388],[-41.874781266,-22.731331353000005],[-41.87548904399999,-22.73083821799999],[-41.874149133,-22.729550388]]],[[[-41.90914038,-22.537137067000003],[-41.908868147,-22.536921546],[-41.908755798,-22.537013342],[-41.90914038,-22.537137067000003]]],[[[-41.90948150399999,-22.536430957999997],[-41.909397499,-22.536562863],[-41.909561309,-22.536450353999996],[-41.90948150399999,-22.536430957999997]]],[[[-41.916999049999994,-22.532200559999996],[-41.916336056,-22.5325279],[-41.917090865,-22.532470458000002],[-41.916999049999994,-22.532200559999996]]],[[[-41.884879678,-22.489728711000005],[-41.884563058,-22.489805004],[-41.884944529,-22.489829798999992],[-41.884879678,-22.489728711000005]]],[[[-41.883866285,-22.489474024],[-41.88358476700001,-22.48982845],[-41.88404322,-22.489608620999995],[-41.883866285,-22.489474024]]],[[[-41.884914009,-22.48940064599999],[-41.884879678,-22.489583750999998],[-41.885085672,-22.489448330000002],[-41.884914009,-22.48940064599999]]],[[[-41.88401755499999,-22.487878582],[-41.884654610999995,-22.488239072],[-41.884761422,-22.487886211],[-41.88401755499999,-22.487878582]]],[[[-41.864541697,-22.479234572],[-41.86509888,-22.478391289000005],[-41.864235826,-22.479251567999995],[-41.864541697,-22.479234572]]],[[[-41.848433324,-22.478458301],[-41.848504658,-22.478965989],[-41.848884552,-22.478754740999996],[-41.848433324,-22.478458301]]],[[[-41.849698192,-22.478411944999998],[-41.84979380199999,-22.478866026],[-41.84999165599999,-22.478795305999995],[-41.849698192,-22.478411944999998]]],[[[-41.850961932999994,-22.477810727999998],[-41.850613765,-22.478544469],[-41.85133096999999,-22.478638168],[-41.850961932999994,-22.477810727999998]]],[[[-41.861088867,-22.47510569199999],[-41.861813249,-22.475130446000005],[-41.861760976999996,-22.474757877999995],[-41.861088867,-22.47510569199999]]],[[[-41.856589333,-22.474279134],[-41.85820660899999,-22.474321829000004],[-41.857599509,-22.473395012000005],[-41.856589333,-22.474279134]]],[[[-41.857714394,-22.473370286],[-41.858083488999995,-22.472811465999996],[-41.857415171,-22.473121501],[-41.857714394,-22.473370286]]],[[[-41.855993706,-22.467974926],[-41.85684831,-22.467205340999996],[-41.856342501,-22.466699867999992],[-41.855993706,-22.467974926]]],[[[-41.85105556199999,-22.465128048999997],[-41.85144587799999,-22.464764534],[-41.85091047899999,-22.46502484299999],[-41.85105556199999,-22.465128048999997]]],[[[-41.85220194,-22.464091864999997],[-41.852275873,-22.463883914999997],[-41.851938636,-22.464049002999996],[-41.85220194,-22.464091864999997]]],[[[-41.85396921,-22.462570187],[-41.853426774,-22.463720258999995],[-41.854131718,-22.463277825000002],[-41.85396921,-22.462570187]]],[[[-41.852153390999995,-22.462686321000003],[-41.852470008999994,-22.462884685],[-41.852599712,-22.462568064999996],[-41.852153390999995,-22.462686321000003]]],[[[-41.854934303,-22.456943293999995],[-41.854709237,-22.457031032],[-41.854842751999996,-22.457128306999998],[-41.854934303,-22.456943293999995]]],[[[-41.855144112,-22.456962368999996],[-41.854972452,-22.456931851],[-41.855125038,-22.4569967],[-41.855144112,-22.456962368999996]]],[[[-41.85423239899999,-22.454889079999997],[-41.853854743999996,-22.455762646000004],[-41.854297249,-22.455270551000005],[-41.85423239899999,-22.454889079999997]]],[[[-41.854343025,-22.45475938099999],[-41.854346841,-22.454946300999996],[-41.85450324499999,-22.454957744999998],[-41.854343025,-22.45475938099999]]],[[[-41.851027235,-22.453838300000005],[-41.852008328,-22.455082563999998],[-41.852541345,-22.454005605],[-41.851027235,-22.453838300000005]]],[[[-41.82884198899999,-22.425448173999996],[-41.828609603,-22.425784162],[-41.829026706,-22.425723573999996],[-41.82884198899999,-22.425448173999996]]],[[[-41.828115036999996,-22.424418171],[-41.828037575,-22.424627477],[-41.82821633399999,-22.42443469499999],[-41.828115036999996,-22.424418171]]],[[[-41.827584720000004,-22.424440204000003],[-41.827829023,-22.424544857000004],[-41.82779922999999,-22.42443469499999],[-41.827584720000004,-22.424440204000003]]],[[[-41.82789456799999,-22.424247420999997],[-41.828037575,-22.424346567],[-41.828037575,-22.424285977999993],[-41.82789456799999,-22.424247420999997]]],[[[-41.717269309,-22.416926919],[-41.711930756,-22.419959678999998],[-41.713259687,-22.422077551999998],[-41.717269309,-22.416926919]]],[[[-41.71084814099999,-22.41481336],[-41.698007375,-22.411426138999996],[-41.702596176,-22.42073459299999],[-41.71084814099999,-22.41481336]]],[[[-41.800521460999995,-22.409972928],[-41.800788491,-22.410075923999997],[-41.80062827399999,-22.409726879999994],[-41.800521460999995,-22.409972928]]],[[[-41.69119034599999,-22.403157942999997],[-41.690368143,-22.402963005999997],[-41.690543485999996,-22.403526711],[-41.69119034599999,-22.403157942999997]]],[[[-41.688745986,-22.401275874999993],[-41.688499024,-22.401982799999992],[-41.689172648,-22.401784200000005],[-41.688745986,-22.401275874999993]]],[[[-41.697610053,-22.399706850999998],[-41.690364116999994,-22.401533392],[-41.69518331500001,-22.405412766999998],[-41.697610053,-22.399706850999998]]],[[[-41.68603274899999,-22.398976808],[-41.688407059,-22.400500628],[-41.68896872399999,-22.399491897999997],[-41.68603274899999,-22.398976808]]],[[[-41.765317393,-22.391387006000002],[-41.766582042,-22.391940566],[-41.766236285,-22.390645657000004],[-41.765317393,-22.391387006000002]]],[[[-41.765091749999996,-22.390568757],[-41.764069563,-22.390591947000004],[-41.764820076999996,-22.391022098999997],[-41.765091749999996,-22.390568757]]],[[[-41.759140172,-22.384736953999997],[-41.759268531,-22.382683331],[-41.758194056,-22.383313053999988],[-41.759140172,-22.384736953999997]]],[[[-41.116389507,-22.081671439],[-41.116521715,-22.081257967],[-41.116389507,-22.081212026000003],[-41.116389507,-22.081671439]]],[[[-41.027213661,-21.62158944400001],[-41.027255623,-21.623103877999995],[-41.029788581,-21.621419688999996],[-41.027213661,-21.62158944400001]]],[[[-41.023051826,-21.620647213],[-41.024779883,-21.622983714],[-41.028506844,-21.620719692999995],[-41.023051826,-21.620647213]]],[[[-41.01588019599999,-21.621377727],[-41.016864387999995,-21.621061107],[-41.015563576,-21.620956202999995],[-41.01588019599999,-21.621377727]]],[[[-41.01726493200001,-21.619716427],[-41.01670035600001,-21.620776912999997],[-41.017566292,-21.620565197],[-41.01726493200001,-21.619716427]]],[[[-41.018924325,-21.620467922999993],[-41.017680734,-21.619550486999998],[-41.01757392299999,-21.619743132000004],[-41.018924325,-21.620467922999993]]],[[[-41.015826791,-21.620067378999998],[-41.016913978,-21.619388363],[-41.015307992,-21.619083188],[-41.015826791,-21.620067378999998]]],[[[-41.01284908899999,-21.614945753],[-41.01481617300001,-21.618714904],[-41.01600243,-21.61071581100001],[-41.01284908899999,-21.614945753]]],[[[-41.036796776,-21.596380102999994],[-41.04591101199999,-21.61621795199999],[-41.045526172,-21.584928379000004],[-41.036796776,-21.596380102999994]]],[[[-41.04757089,-21.582922665],[-41.048495247,-21.583406158],[-41.048033068,-21.582707778],[-41.04757089,-21.582922665]]],[[[-41.036060584999994,-21.463679091000003],[-41.036491897,-21.464044216999994],[-41.036179965,-21.463621304999993],[-41.036060584999994,-21.463679091000003]]],[[[-41.03637680100001,-21.463004385],[-41.035627557,-21.463468649],[-41.035839786,-21.463603296000002],[-41.03637680100001,-21.463004385]]]]}},{"type":"Feature","properties":{"sigla":"SP","nome":"São Paulo","regiao":"Sudeste"},"geometry":{"type":"MultiPolygon","coordinates":[[[[-48.037497279,-25.357999778],[-48.03680875999999,-25.355857718000003],[-48.035414721,-25.356818245000003],[-48.037497279,-25.357999778]]],[[[-47.956933442,-25.272553862000002],[-47.953343465,-25.274464142],[-47.95762892799999,-25.273027555],[-47.956933442,-25.272553862000002]]],[[[-47.909180653,-25.166961260999997],[-47.91475576399999,-25.166739244999995],[-47.911421145999995,-25.162852130000005],[-47.909180653,-25.166961260999997]]],[[[-47.861068252,-25.133450477000004],[-47.86025323599999,-25.130921632],[-47.85963987099999,-25.132461385],[-47.861068252,-25.133450477000004]]],[[[-47.865471532,-25.122115376999997],[-47.849475944999995,-25.120890456999998],[-47.864827223,-25.128419609],[-47.865471532,-25.122115376999997]]],[[[-46.676188843,-24.475956066999995],[-46.671384797,-24.488663239000005],[-46.676247206,-24.491996805],[-46.677936641,-24.48470545],[-46.676188843,-24.475956066999995]]],[[[-47.03133248999999,-24.428716148],[-47.031059583,-24.428525641],[-47.031122904,-24.428800790000004],[-47.03133248999999,-24.428716148]]],[[[-46.993607763,-24.410980156999994],[-46.994105766,-24.411502369],[-46.994455837,-24.411182743999994],[-46.993607763,-24.410980156999994]]],[[[-47.000578354999995,-24.408464191999993],[-47.00206025899999,-24.41063082],[-47.003416502,-24.409750391999996],[-47.000578354999995,-24.408464191999993]]],[[[-46.999488557,-24.408544031],[-46.999511911,-24.408035270999996],[-46.99916226599999,-24.408177080999998],[-46.999488557,-24.408544031]]],[[[-47.007362012,-24.396122851000005],[-47.007714940999996,-24.396432742],[-47.007711409,-24.396203827999997],[-47.007362012,-24.396122851000005]]],[[[-46.988281008,-24.384026824],[-46.986465216,-24.384681667000006],[-46.988525874,-24.385310401999998],[-46.988281008,-24.384026824]]],[[[-46.98723214899999,-24.379664397999992],[-46.984398919,-24.382260458999994],[-46.987227498,-24.381949387999995],[-46.98723214899999,-24.379664397999992]]],[[[-46.806889815,-24.374016995999995],[-46.806380866999994,-24.376264862999996],[-46.808020605,-24.37594388999999],[-46.806889815,-24.374016995999995]]],[[[-46.804215075,-24.375453019],[-46.803557907999995,-24.373616613999996],[-46.80328194999999,-24.373790802000002],[-46.804215075,-24.375453019]]],[[[-47.004560215999994,-24.367618531999998],[-47.00522229999999,-24.367774932999996],[-47.00494025199999,-24.367283661],[-47.004560215999994,-24.367618531999998]]],[[[-46.979781448,-24.360528485],[-46.980683993999996,-24.362809151999997],[-46.981039674,-24.362695865],[-46.979781448,-24.360528485]]],[[[-46.999581855,-24.349597604999996],[-46.99956556299999,-24.349383725],[-46.999482186,-24.349401267999998],[-46.999581855,-24.349597604999996]]],[[[-46.89087538599999,-24.254388172],[-46.890136594,-24.253824537],[-46.88951666199999,-24.254455227999998],[-46.89087538599999,-24.254388172]]],[[[-46.690705529,-24.237618862999994],[-46.690406685,-24.236644339000005],[-46.690326023999994,-24.23757632],[-46.690705529,-24.237618862999994]]],[[[-46.793302791,-24.193725624],[-46.79161674099999,-24.194906033],[-46.792446831,-24.19522669599999],[-46.793302791,-24.193725624]]],[[[-46.270694164999995,-24.049889037999996],[-46.270954786,-24.049671878000005],[-46.27044222300001,-24.049545415000004],[-46.270694164999995,-24.049889037999996]]],[[[-46.262809108999996,-24.045290759],[-46.260751805999995,-24.052441243000004],[-46.26736526700001,-24.050158156999995],[-46.262809108999996,-24.045290759]]],[[[-46.294095373,-24.02805644299999],[-46.29459338,-24.027574618],[-46.294189599999996,-24.027495686999995],[-46.294095373,-24.02805644299999]]],[[[-46.292658321999994,-24.024552920999998],[-46.29288825,-24.026053970000003],[-46.293660461,-24.025765891],[-46.292658321999994,-24.024552920999998]]],[[[-46.325064333,-24.00815603399999],[-46.324157712,-24.009388872],[-46.32541154399999,-24.009389191999997],[-46.325064333,-24.00815603399999]]],[[[-46.255054394,-24.000901928999994],[-46.25362526999999,-24.002683874],[-46.255940216999996,-24.001220582000002],[-46.255054394,-24.000901928999994]]],[[[-46.367817607999996,-23.982538341],[-46.368195451,-23.982043135],[-46.367649695999994,-23.98210115199999],[-46.367817607999996,-23.982538341]]],[[[-46.352476545,-23.974929397000007],[-46.35260765299999,-23.973206888999997],[-46.35136304899999,-23.973192730999997],[-46.352476545,-23.974929397000007]]],[[[-51.952858647,-21.474432494],[-51.348085155,-20.359518022],[-50.478187687,-19.781457796999998],[-49.259505021,-19.963842165999992],[-49.24520072699999,-20.282142846],[-49.00042631299999,-20.160748096],[-48.898202428,-20.441873089],[-48.825743214999996,-20.161957488],[-47.470511918,-19.96070169],[-47.096895797,-20.644528274],[-47.240044257,-20.885281696999993],[-47.011507927,-21.422272817],[-46.50925213600001,-21.469898927000003],[-46.723260254,-22.306623841],[-46.356310722,-22.900303259999994],[-44.805386952999996,-22.403847904],[-44.161365163999996,-22.678258449],[-44.79189818199999,-22.981875898000002],[-44.72398720099999,-23.368606869],[-44.908010600999994,-23.334071645000005],[-45.407472948999995,-23.624340374],[-45.423296556,-23.82967008],[-45.765925191,-23.762493870999997],[-45.941151586,-23.775717776000008],[-46.128397416999995,-23.844086341999997],[-46.17887126499999,-23.924183812],[-46.160411051,-23.945524285],[-46.184704259,-23.965379309999996],[-46.187247423,-23.9774306],[-46.18224294699999,-23.99108628899999],[-46.24739758,-23.993858127000006],[-46.265198026,-24.004051885],[-46.262981165999996,-24.014077026],[-46.27921327400001,-24.02130925799999],[-46.28306118399999,-24.043269372999994],[-46.29496554,-24.015986766999994],[-46.324362684,-24.022252576],[-46.31745908399999,-23.979053242000006],[-46.357743784,-23.970954388999992],[-46.368886568,-23.981882302999992],[-46.377887025,-23.969518228],[-46.820292586,-24.204243428],[-46.995738564,-24.327413341999993],[-47.018239425999994,-24.378836065000005],[-47.008373205,-24.414519267],[-47.140843407,-24.489543233000003],[-47.227026094,-24.571251955],[-47.591915045,-24.777861963],[-47.80026704099999,-24.936752157000004],[-47.91387249499999,-25.159154082999997],[-48.099474454,-25.312321298999997],[-48.250281058999995,-24.977417787],[-48.58266168099999,-25.051646105],[-48.58203494599999,-24.670701585],[-49.305397609,-24.673649759000007],[-49.20121061099999,-24.342700239999996],[-49.98616492499999,-22.897504763],[-50.736369966,-22.963351013000008],[-52.109212428,-22.516295164000006],[-53.08778689999999,-22.65844487],[-51.952858647,-21.474432494]]],[[[-46.163300599,-24.330471092999996],[-46.160712565,-24.327669968],[-46.162976925,-24.331318668],[-46.163300599,-24.330471092999996]]],[[[-46.183382313,-24.321320924],[-46.180065965,-24.318077917],[-46.179863768999994,-24.319220338],[-46.183382313,-24.321320924]]],[[[-45.703983691,-24.105907080999998],[-45.680082162999994,-24.097988318000002],[-45.706276964,-24.113172075],[-45.703983691,-24.105907080999998]]],[[[-45.702286488999995,-24.095587989999988],[-45.701609985999994,-24.095859579000003],[-45.702498822,-24.096585461999993],[-45.702286488999995,-24.095587989999988]]],[[[-45.70531667699999,-24.093885871],[-45.704235978,-24.093536427000004],[-45.704245547,-24.093883163999994],[-45.70531667699999,-24.093885871]]],[[[-45.659098924999995,-24.088946408],[-45.658313786,-24.088689633],[-45.65903621199999,-24.089266882999993],[-45.659098924999995,-24.088946408]]],[[[-45.66347435899999,-24.083654466],[-45.663184705999996,-24.082539534],[-45.663179814,-24.083797905],[-45.66347435899999,-24.083654466]]],[[[-45.71714239899999,-24.079924721000005],[-45.716144927,-24.079954347999998],[-45.717117709,-24.080245689000005],[-45.71714239899999,-24.079924721000005]]],[[[-45.718283072,-24.076917490999993],[-45.716609096999996,-24.076300243999995],[-45.717952228,-24.077584119],[-45.718283072,-24.076917490999993]]],[[[-45.65605176,-24.076920386999998],[-45.65536666,-24.074919547],[-45.654177542999996,-24.074915915],[-45.65605176,-24.076920386999998]]],[[[-46.216530633999994,-24.007586943],[-46.217740516,-24.010271392999996],[-46.21951529199999,-24.010544001000007],[-46.216530633999994,-24.007586943]]],[[[-46.182936188,-23.971471691],[-46.18135678499999,-23.975337493],[-46.18422851399999,-23.97503802199999],[-46.182936188,-23.971471691]]],[[[-46.17605491999999,-23.970215680000003],[-46.177164113,-23.970476957999995],[-46.175931855,-23.969680232999995],[-46.17605491999999,-23.970215680000003]]],[[[-46.16782916199999,-23.966357491000004],[-46.16583416,-23.967409392999993],[-46.16807717799999,-23.967773556999994],[-46.16782916199999,-23.966357491000004]]],[[[-46.169952134,-23.927057253999997],[-46.17020531499999,-23.927923141999997],[-46.17048487299999,-23.927873620999996],[-46.169952134,-23.927057253999997]]],[[[-46.167371691,-23.914788222999995],[-46.167947119999994,-23.915949162999997],[-46.16832858699999,-23.914805171999994],[-46.167371691,-23.914788222999995]]],[[[-46.135917905999996,-23.891852912],[-46.13680095299999,-23.89335593299999],[-46.13759758999999,-23.892379523999995],[-46.135917905999996,-23.891852912]]],[[[-46.12920242999999,-23.883836689999992],[-46.130153156999995,-23.884830522],[-46.130391237,-23.884866305999996],[-46.12920242999999,-23.883836689999992]]],[[[-46.135263673,-23.871354699999994],[-46.135606816,-23.87268153],[-46.135925091,-23.872637366999996],[-46.135263673,-23.871354699999994]]],[[[-45.784654493999994,-23.859699676],[-45.777082413,-23.86864906],[-45.78697620700001,-23.868467169999995],[-45.784654493999994,-23.859699676]]],[[[-45.526521832,-23.850059593],[-45.52052989199999,-23.848666819],[-45.525206213999994,-23.856346857],[-45.526521832,-23.850059593]]],[[[-45.542540685000006,-23.827741433999996],[-45.541179894,-23.828374982999996],[-45.542683457,-23.82886576],[-45.542540685000006,-23.827741433999996]]],[[[-46.026069765,-23.825646227999993],[-46.025893164,-23.826961633000003],[-46.026762946,-23.826703164999994],[-46.026069765,-23.825646227999993]]],[[[-45.470081032,-23.823561446],[-45.469844095999996,-23.823752522999996],[-45.470165105,-23.823928314],[-45.470081032,-23.823561446]]],[[[-45.67073500299999,-23.804987804000003],[-45.67014335599999,-23.807017476000002],[-45.67148011399999,-23.807278743],[-45.67073500299999,-23.804987804000003]]],[[[-45.72162105599999,-23.799185209999997],[-45.716305168999995,-23.806270214000005],[-45.726185281999996,-23.802295676999993],[-45.72162105599999,-23.799185209999997]]],[[[-45.711093016999996,-23.78715984899999],[-45.710919673999996,-23.789902927999997],[-45.71766255400001,-23.793544915999995],[-45.711093016999996,-23.78715984899999]]],[[[-45.800400057,-23.772856711],[-45.799223645999994,-23.773410776999995],[-45.800637806,-23.773550904],[-45.800400057,-23.772856711]]],[[[-45.74694907100001,-23.771528436],[-45.74652869999999,-23.771840226999995],[-45.74725344899999,-23.771880064000005],[-45.74694907100001,-23.771528436]]],[[[-45.75376140099999,-23.769755284999995],[-45.75339271099999,-23.769463728999998],[-45.75352909099999,-23.769773531999995],[-45.75376140099999,-23.769755284999995]]],[[[-45.300663373,-23.922388376],[-45.300307838,-23.922610584999997],[-45.30088558199999,-23.922734033999998],[-45.300663373,-23.922388376]]],[[[-45.298088971000006,-23.920352291999993],[-45.297299399,-23.9204624],[-45.29817633099999,-23.920744568999996],[-45.298088971000006,-23.920352291999993]]],[[[-45.296495719,-23.919351519000003],[-45.296406835000006,-23.91813677599999],[-45.296036486000006,-23.918240473999997],[-45.296495719,-23.919351519000003]]],[[[-45.325456965,-23.919489781999996],[-45.323155867,-23.914630810999995],[-45.32256331,-23.914482671999995],[-45.325456965,-23.919489781999996]]],[[[-45.262925847999995,-23.887810266],[-45.264145664,-23.889963766],[-45.26509480299999,-23.888884141999995],[-45.262925847999995,-23.887810266]]],[[[-45.258945942,-23.889148291],[-45.259975954999994,-23.888735434],[-45.25854572699999,-23.888265967999995],[-45.258945942,-23.889148291]]],[[[-45.28634323400001,-23.860866095],[-45.285735861999996,-23.859626663],[-45.285538343,-23.859740235999993],[-45.28634323400001,-23.860866095]]],[[[-45.41773489399999,-23.853058046],[-45.417064442999994,-23.853330832],[-45.417915891,-23.853194271],[-45.41773489399999,-23.853058046]]],[[[-45.278984941,-23.850955697000003],[-45.276945251,-23.850783708],[-45.277269110999995,-23.851494852999995],[-45.278984941,-23.850955697000003]]],[[[-45.366712084,-23.811324894999995],[-45.229833213999996,-23.776332734],[-45.290917446,-23.866013611],[-45.25170631099999,-23.968053872999995],[-45.291686502999994,-23.910312987],[-45.460388011999996,-23.914199709000002],[-45.366712084,-23.811324894999995]]],[[[-45.443955468,-23.831303286],[-45.443174686,-23.831994834999993],[-45.443714541,-23.832222378],[-45.443955468,-23.831303286]]],[[[-45.393300909,-23.830260609],[-45.392185225,-23.828782302999997],[-45.391742332,-23.828692346999993],[-45.393300909,-23.830260609]]],[[[-45.412977106,-23.827943472999994],[-45.412770743,-23.828284864],[-45.41336945,-23.82836639],[-45.412977106,-23.827943472999994]]],[[[-45.15447292799999,-23.826288136000002],[-45.15331686299999,-23.828510022],[-45.155892009,-23.828605002999996],[-45.15447292799999,-23.826288136000002]]],[[[-45.406363302,-23.816399890000003],[-45.40626903799999,-23.816180788],[-45.406149296,-23.816310720000004],[-45.406363302,-23.816399890000003]]],[[[-45.40752759699999,-23.814873822999996],[-45.406732717,-23.814927325],[-45.406480496,-23.815431766999996],[-45.40752759699999,-23.814873822999996]]],[[[-45.40630470499999,-23.813696789999998],[-45.405711094,-23.813918438999988],[-45.405774785999995,-23.81424709099999],[-45.40630470499999,-23.813696789999998]]],[[[-45.229437773,-23.812211566],[-45.226115277,-23.813290401999993],[-45.228326109,-23.814444703],[-45.229437773,-23.812211566]]],[[[-45.156449718999994,-23.810453727],[-45.114932472,-23.803805915999998],[-45.117188029,-23.812272905999993],[-45.156449718999994,-23.810453727]]],[[[-45.293390853999995,-23.595166962999997],[-45.28272535199999,-23.601107281999997],[-45.29557467,-23.601616706999994],[-45.293390853999995,-23.595166962999997]]],[[[-45.309419422,-23.585927483999996],[-45.309976348,-23.58716573],[-45.310513418,-23.58612975],[-45.309419422,-23.585927483999996]]],[[[-45.310450597999996,-23.583745750000002],[-45.312111281,-23.581692297000004],[-45.310948472,-23.581284008999994],[-45.310450597999996,-23.583745750000002]]],[[[-45.16268031,-23.569962929],[-45.146385865,-23.567265112000005],[-45.145202844,-23.571338326999992],[-45.16268031,-23.569962929]]],[[[-45.150772855999996,-23.558227753000004],[-45.151797392000006,-23.559405086999995],[-45.151553293999996,-23.558029434],[-45.150772855999996,-23.558227753000004]]],[[[-45.155575672999994,-23.550301781],[-45.15504730999999,-23.550020316],[-45.155353463999994,-23.550765951],[-45.155575672999994,-23.550301781]]],[[[-45.218139089999994,-23.549621855],[-45.216261194999994,-23.550815763],[-45.218821646,-23.550856273],[-45.218139089999994,-23.549621855]]],[[[-45.154860511,-23.546897636000004],[-45.15570181700001,-23.547824578999993],[-45.155852107,-23.547230712000008],[-45.154860511,-23.546897636000004]]],[[[-45.154390557999996,-23.533957069999992],[-45.153827629,-23.533512652000002],[-45.154197977,-23.534164465999996],[-45.154390557999996,-23.533957069999992]]],[[[-45.211172605,-23.532350281999992],[-45.21064104999999,-23.533548235000005],[-45.214294342,-23.531886079000003],[-45.211172605,-23.532350281999992]]],[[[-45.102618985,-23.499286166999998],[-45.101950263999996,-23.499020967],[-45.102234387,-23.499637572],[-45.102618985,-23.499286166999998]]],[[[-45.02384788999999,-23.746275827999995],[-45.007027145,-23.75169637799999],[-45.01475122000001,-23.761257728000004],[-45.02384788999999,-23.746275827999995]]],[[[-45.029720457,-23.736495339],[-45.032852804,-23.739641887999994],[-45.033863764,-23.738995674999998],[-45.029720457,-23.736495339]]],[[[-45.02537968099999,-23.737167538999994],[-45.022516087999996,-23.739952573999997],[-45.024320255,-23.739989451999993],[-45.02537968099999,-23.737167538999994]]],[[[-45.07928791199999,-23.563118155],[-45.075869048,-23.56330257899999],[-45.078771947999996,-23.564705066999995],[-45.07928791199999,-23.563118155]]],[[[-45.024331089,-23.549979532999995],[-45.024573282000006,-23.549715241],[-45.024392079,-23.549663089999992],[-45.024331089,-23.549979532999995]]],[[[-45.026336522,-23.544115322],[-45.026164382,-23.547625333],[-45.032985404,-23.548219412000005],[-45.026336522,-23.544115322]]],[[[-45.077700556,-23.561239391000004],[-45.050848192,-23.527663296],[-45.04081068,-23.541187136999994],[-45.077700556,-23.561239391000004]]],[[[-45.02314401400001,-23.543403424],[-45.022961309,-23.54364044699999],[-45.02321808399999,-23.543650322999998],[-45.02314401400001,-23.543403424]]],[[[-45.041877741,-23.518722748999995],[-45.04121915699999,-23.516377991],[-45.03989746399999,-23.516971188000003],[-45.041877741,-23.518722748999995]]],[[[-45.052473275,-23.468639331999995],[-45.05262693499999,-23.468218366999995],[-45.052177159,-23.468082314000004],[-45.052473275,-23.468639331999995]]],[[[-45.05827074599999,-23.467843821],[-45.0584084,-23.468346416999996],[-45.05879735199999,-23.468136735000005],[-45.05827074599999,-23.467843821]]],[[[-44.90160389,-23.426408024],[-44.90582921199999,-23.426571850999995],[-44.90115311999999,-23.424263773999996],[-44.90160389,-23.426408024]]],[[[-44.859979716,-23.421658814999997],[-44.861173128999994,-23.423701581999993],[-44.861867794,-23.422882716],[-44.859979716,-23.421658814999997]]],[[[-44.85964211499999,-23.425129902],[-44.849541264,-23.420977195000003],[-44.85359675899999,-23.426600967999995],[-44.85964211499999,-23.425129902]]],[[[-45.00862309199999,-23.413687338],[-45.008138347,-23.413166486],[-45.00812671,-23.413611612999993],[-45.00862309199999,-23.413687338]]],[[[-44.93593099,-23.412324809],[-44.93587639399999,-23.412589989],[-44.93610257699999,-23.412543193],[-44.93593099,-23.412324809]]],[[[-44.849533325,-23.404837546],[-44.85036339,-23.403880035],[-44.849391622999995,-23.404001723],[-44.849533325,-23.404837546]]],[[[-44.89694820999999,-23.403155295999998],[-44.897834743,-23.402726328],[-44.897468171,-23.402279162],[-44.89694820999999,-23.403155295999998]]],[[[-44.856591949,-23.399935828],[-44.85558889199999,-23.398710452999993],[-44.854734254,-23.399118371999993],[-44.856591949,-23.399935828]]],[[[-44.846687,-23.396304081000004],[-44.854196414,-23.398100346],[-44.847188357,-23.39452792],[-44.846687,-23.396304081000004]]],[[[-44.93871538100001,-23.39079062199999],[-44.938357908,-23.390912813000003],[-44.938872669999995,-23.391110397999995],[-44.93871538100001,-23.39079062199999]]],[[[-44.887024677,-23.388852938999996],[-44.88868737899999,-23.38846962199999],[-44.887069285,-23.388698911],[-44.887024677,-23.388852938999996]]],[[[-44.936078959,-23.386909942999996],[-44.938809845,-23.388893698000004],[-44.938930056,-23.387776647],[-44.936078959,-23.386909942999996]]],[[[-44.94687132999999,-23.384680353999997],[-44.940386268999994,-23.383432995999993],[-44.95074420099999,-23.388567630000004],[-44.94687132999999,-23.384680353999997]]],[[[-44.935222543,-23.38463948299999],[-44.935035357,-23.384891664],[-44.935284938,-23.384912461999992],[-44.935222543,-23.38463948299999]]],[[[-44.88882579,-23.383718255999998],[-44.888509759,-23.385584403999996],[-44.889305633,-23.38556429],[-44.88882579,-23.383718255999998]]],[[[-44.906365804,-23.377567177999996],[-44.89765781999999,-23.37620091999999],[-44.907121409,-23.380237010999995],[-44.906365804,-23.377567177999996]]],[[[-44.892512639,-23.353159026],[-44.893051081,-23.352852291],[-44.892537866,-23.352654879999996],[-44.892512639,-23.353159026]]],[[[-44.903613117999996,-23.351078611],[-44.903788090999996,-23.353215892999998],[-44.904864863,-23.352684306999993],[-44.903613117999996,-23.351078611]]],[[[-44.908103929,-23.337231278000004],[-44.908938179,-23.336407536000003],[-44.908566995,-23.336237596999997],[-44.908103929,-23.337231278000004]]]]}},{"type":"Feature","properties":{"sigla":"PR","nome":"Paraná","regiao":"Sul"},"geometry":{"type":"MultiPolygon","coordinates":[[[[-48.40734580699999,-25.841987020000005],[-48.409199579,-25.841582305999996],[-48.409291967,-25.841167601],[-48.40734580699999,-25.841987020000005]]],[[[-48.36555999099999,-25.734462083999997],[-48.366073093999994,-25.737531745],[-48.367310077,-25.736160100000003],[-48.36555999099999,-25.734462083999997]]],[[[-48.371391718,-25.733374608],[-48.36947036699999,-25.735351073999993],[-48.372663493,-25.733375469000002],[-48.371391718,-25.733374608]]],[[[-54.34333453599999,-24.133129478999994],[-53.607423503,-22.951333467999998],[-52.972424983,-22.570484295],[-49.98616492499999,-22.897504763],[-49.20121061099999,-24.342700239999996],[-49.305397609,-24.673649759000007],[-48.58203494599999,-24.670701585],[-48.556007858,-25.08655256199999],[-48.250281058999995,-24.977417787],[-48.023537435,-25.230931711999997],[-48.60138344199999,-25.98080596699999],[-49.555618723,-26.237353034999998],[-50.570230609999996,-26.00195283],[-50.716404262999994,-26.245000936000007],[-51.24795121399999,-26.329866405999997],[-51.411475157,-26.717122005999993],[-53.55053362500001,-26.293836282999997],[-53.89108029,-25.622893154],[-54.59351805599999,-25.592246234999994],[-54.34333453599999,-24.133129478999994]]]]}},{"type":"Feature","properties":{"sigla":"SC","nome":"Santa Catarina","regiao":"Sul"},"geometry":{"type":"MultiPolygon","coordinates":[[[[-48.821246275,-28.611022013999992],[-48.821850121,-28.610362953],[-48.82168958199999,-28.609903029],[-48.821246275,-28.611022013999992]]],[[[-48.75664681999999,-28.541055613000005],[-48.75611321499999,-28.540821233],[-48.755949029,-28.541127729000003],[-48.75664681999999,-28.541055613000005]]],[[[-48.758501179999996,-28.540300418000005],[-48.76022983199999,-28.539136234999994],[-48.758562506,-28.538547106999996],[-48.758501179999996,-28.540300418000005]]],[[[-48.710255553,-28.446492854000002],[-48.708213183,-28.44844529],[-48.71033108299999,-28.44819412599999],[-48.710255553,-28.446492854000002]]],[[[-48.602145712,-28.352593424000005],[-48.60199059199999,-28.352042697999998],[-48.60193702099999,-28.352047520999996],[-48.602145712,-28.352593424000005]]],[[[-48.60042793499999,-28.351899864],[-48.60139216299999,-28.351818293000004],[-48.60071809099999,-28.351425827999986],[-48.60042793499999,-28.351899864]]],[[[-48.601849117,-28.351916005],[-48.601620984,-28.351532196999994],[-48.601664358,-28.351956457],[-48.601849117,-28.351916005]]],[[[-48.646679088999996,-28.320648457000008],[-48.64962827899999,-28.322020649999995],[-48.646646012,-28.317863118],[-48.646679088999996,-28.320648457000008]]],[[[-48.652959675000005,-28.248584413999996],[-48.654868291999996,-28.247010218000007],[-48.65339677699999,-28.247213043],[-48.652959675000005,-28.248584413999996]]],[[[-48.65062377999999,-28.242467680999997],[-48.652729918,-28.241099288],[-48.649949801999995,-28.24126674],[-48.65062377999999,-28.242467680999997]]],[[[-48.656529234,-28.188924348000004],[-48.65642661799999,-28.189503197000004],[-48.65675499,-28.189430840999997],[-48.656529234,-28.188924348000004]]],[[[-48.64144692199999,-28.154540778],[-48.641857345,-28.151325771000007],[-48.640327406999994,-28.15243567199999],[-48.64144692199999,-28.154540778]]],[[[-48.627973,-28.102614308999996],[-48.62828338500001,-28.102706321999992],[-48.627901902,-28.102063707],[-48.627973,-28.102614308999996]]],[[[-48.626011861,-28.102195319999993],[-48.625739435999996,-28.102323468000005],[-48.62592496800001,-28.102426977],[-48.626011861,-28.102195319999993]]],[[[-48.627192813,-28.10245888],[-48.626712642,-28.101475848000003],[-48.62630154499999,-28.102009291999998],[-48.627192813,-28.10245888]]],[[[-48.629797203,-28.089695638000002],[-48.630086714,-28.089431066999996],[-48.62964783499999,-28.089409521],[-48.629797203,-28.089695638000002]]],[[[-48.629384116999994,-28.088876036000006],[-48.63002310299999,-28.088210796],[-48.629570013999995,-28.08820945],[-48.629384116999994,-28.088876036000006]]],[[[-48.599945969,-28.035267206000004],[-48.599730475,-28.035620449],[-48.59988439999999,-28.035674794],[-48.599945969,-28.035267206000004]]],[[[-48.61723981499999,-27.988198137],[-48.617147096,-27.986114640999993],[-48.616906531999994,-27.986162704999998],[-48.61723981499999,-27.988198137]]],[[[-53.82964314,-27.172627506000005],[-53.64579715699999,-26.247748121],[-51.411475157,-26.717122005999993],[-51.24795121399999,-26.329866405999997],[-50.716404262999994,-26.245000936000007],[-50.570230609999996,-26.00195283],[-49.555618723,-26.237353034999998],[-48.644369623,-25.955841821],[-48.493002284,-26.218393272000004],[-48.655529667,-26.556803698000007],[-48.68730214799999,-26.687624131000003],[-48.60869636,-27.115295683],[-48.564000822,-27.155723886999994],[-48.464873159999996,-27.143964439999998],[-48.615437068,-27.271860339999996],[-48.52627041099999,-27.408262037],[-48.358633381999994,-27.440217151000002],[-48.60077862,-27.858257736],[-48.812650187,-28.605493051000003],[-49.016485583,-28.695366722999992],[-49.31469368500001,-28.900781159000005],[-49.712937535,-29.325583499],[-50.041002735,-29.35506588799999],[-50.177509124,-29.248521292],[-49.691824023,-28.622697527000007],[-49.765279494999994,-28.459492295],[-50.62495147599999,-28.392588311000004],[-51.08222989699999,-27.833926446999993],[-52.16657573999999,-27.271427420999995],[-53.82964314,-27.172627506000005]]],[[[-48.62369957999999,-26.985778531],[-48.62342516999999,-26.986902786000005],[-48.624760521999995,-26.986701992],[-48.62369957999999,-26.985778531]]],[[[-48.639150199,-26.912894711999993],[-48.63939192699999,-26.911350254000002],[-48.635977462999996,-26.912991766000005],[-48.639150199,-26.912894711999993]]],[[[-48.621385683999996,-26.831974548000005],[-48.62304576199999,-26.831671700999998],[-48.62324067299999,-26.831402249],[-48.621385683999996,-26.831974548000005]]],[[[-48.638164371,-26.743223164999996],[-48.634275783999996,-26.745425689],[-48.639149496,-26.745434296],[-48.638164371,-26.743223164999996]]],[[[-48.617790651,-26.710095400999997],[-48.618736185,-26.709208051],[-48.61839006699999,-26.70905391599999],[-48.617790651,-26.710095400999997]]],[[[-48.673839648999994,-26.694727182],[-48.67662691599999,-26.695000305],[-48.67537357999999,-26.693792361000007],[-48.673839648999994,-26.694727182]]],[[[-48.67270335599999,-26.632542889000003],[-48.670055430999994,-26.633598960999997],[-48.671334785,-26.635825186],[-48.67270335599999,-26.632542889000003]]],[[[-48.542436929,-27.93222278299999],[-48.542248309,-27.941726069],[-48.544876127,-27.93198121],[-48.542436929,-27.93222278299999]]],[[[-48.527014497,-27.836522616],[-48.525367332,-27.844357784000003],[-48.530311578,-27.843579442999992],[-48.527014497,-27.836522616]]],[[[-48.505746608,-27.834573516000003],[-48.50203957,-27.840537892000004],[-48.508600971,-27.838204079999997],[-48.505746608,-27.834573516000003]]],[[[-48.51804203299999,-27.834648991000005],[-48.517367437,-27.834662895999998],[-48.517966734,-27.835095344000003],[-48.51804203299999,-27.834648991000005]]],[[[-48.527673929,-27.833297740000003],[-48.530103718999996,-27.831477683],[-48.527081937,-27.829276107999995],[-48.527673929,-27.833297740000003]]],[[[-48.525697,-27.330491521999996],[-48.526906668,-27.329934911],[-48.52535416399999,-27.329013848999995],[-48.525697,-27.330491521999996]]],[[[-48.52451722499999,-27.327772176],[-48.52536033300001,-27.328710883],[-48.525550052,-27.327862374],[-48.52451722499999,-27.327772176]]],[[[-48.531967879,-27.307549939],[-48.528354216000004,-27.304967396999995],[-48.528761034999995,-27.306701563],[-48.531967879,-27.307549939]]],[[[-48.54850351599999,-27.142204700999994],[-48.54025008499999,-27.141445914],[-48.54950013399999,-27.144601842999997],[-48.54850351599999,-27.142204700999994]]],[[[-48.57868387399999,-26.992831924999994],[-48.578570996,-26.992475317999997],[-48.57858125700001,-26.992694768999996],[-48.57868387399999,-26.992831924999994]]],[[[-48.579863961,-26.992301586000004],[-48.579381664,-26.992374735999995],[-48.579833175999994,-26.992603331000005],[-48.579863961,-26.992301586000004]]],[[[-48.561679814,-26.513315188999997],[-48.561250354,-26.514167024],[-48.562024735,-26.514804874999992],[-48.561679814,-26.513315188999997]]],[[[-48.583503634,-26.497045593999996],[-48.584668443999995,-26.498008474],[-48.58460691599999,-26.497301192],[-48.583503634,-26.497045593999996]]],[[[-48.579009692,-26.468467302000004],[-48.58207200399999,-26.468225288999992],[-48.58095485199999,-26.466070228999993],[-48.579009692,-26.468467302000004]]],[[[-48.5669171,-26.458106712],[-48.56653336899999,-26.461274349],[-48.57053101099999,-26.45990076],[-48.5669171,-26.458106712]]],[[[-48.57899677200001,-26.454273654],[-48.579423163,-26.461708976],[-48.58336470999999,-26.459932172],[-48.57899677200001,-26.454273654]]],[[[-48.524241353,-26.38680285],[-48.525296265,-26.385222840000004],[-48.524700909,-26.385001724999988],[-48.524241353,-26.38680285]]],[[[-48.52476302899999,-26.383752646],[-48.524255967,-26.380483046],[-48.52290859399999,-26.381047023],[-48.52476302899999,-26.383752646]]],[[[-48.522079940999994,-26.37073589499999],[-48.522445875,-26.374299868999998],[-48.52311827199999,-26.374199248],[-48.522079940999994,-26.37073589499999]]],[[[-48.521925464999995,-26.369914740999995],[-48.522764910999996,-26.367780917],[-48.521266364,-26.368283505999994],[-48.521925464999995,-26.369914740999995]]],[[[-48.49098837,-26.201667696],[-48.49319663599999,-26.202777917],[-48.493319195,-26.202247592999996],[-48.49098837,-26.201667696]]],[[[-48.487592674,-26.185044158999997],[-48.48699749899999,-26.184841571999996],[-48.487541365999995,-26.185168473999997],[-48.487592674,-26.185044158999997]]],[[[-48.486751753,-26.180142602000004],[-48.488572088000005,-26.181970971999995],[-48.489023032999995,-26.180854190999998],[-48.486751753,-26.180142602000004]]],[[[-48.48737717899999,-26.179293299999994],[-48.487043677,-26.179150561000004],[-48.487182209,-26.179449852000005],[-48.48737717899999,-26.179293299999994]]],[[[-48.4861853,-26.177091715],[-48.481317403000006,-26.179842225000005],[-48.48396222499999,-26.182717527999994],[-48.4861853,-26.177091715]]],[[[-48.48420468799999,-26.163607816000003],[-48.48504300799999,-26.165677704],[-48.48605758899999,-26.16419404299999],[-48.48420468799999,-26.163607816000003]]],[[[-48.58977223299999,-25.975923811999998],[-48.59121821699999,-25.977490512000003],[-48.592013821,-25.976704278999996],[-48.58977223299999,-25.975923811999998]]],[[[-48.444575588,-27.853768737],[-48.444252118,-27.852774799000002],[-48.443951976,-27.852727913],[-48.444575588,-27.853768737]]],[[[-48.428535978,-27.845211444000004],[-48.434763322,-27.848395071],[-48.42982258199999,-27.843586219],[-48.428535978,-27.845211444000004]]],[[[-48.43036660399999,-27.84177066],[-48.429629729,-27.843008437],[-48.430714397,-27.842401593000005],[-48.43036660399999,-27.84177066]]],[[[-48.431614437,-27.840201029999996],[-48.43053888899999,-27.840012036999997],[-48.43103651,-27.840846125],[-48.431614437,-27.840201029999996]]],[[[-48.43118463799999,-27.839063406999998],[-48.431335419,-27.839309738999997],[-48.431294893,-27.839048043999995],[-48.43118463799999,-27.839063406999998]]],[[[-48.464152765,-27.690924755],[-48.46533580399999,-27.70245711700001],[-48.46828725999999,-27.704641852],[-48.464152765,-27.690924755]]],[[[-48.390024263,-27.610627760000003],[-48.389363251999995,-27.610676189000003],[-48.38984041,-27.610969313000005],[-48.390024263,-27.610627760000003]]],[[[-48.392167824,-27.610370867000004],[-48.391419682999995,-27.61059600999999],[-48.39211761499999,-27.610810405000006],[-48.392167824,-27.610370867000004]]],[[[-48.38342604099999,-27.608936236000005],[-48.387837775,-27.61072414199999],[-48.384015395,-27.60758735299999],[-48.38342604099999,-27.608936236000005]]],[[[-48.363855764,-27.486661142],[-48.363181756,-27.488668043000004],[-48.365470771,-27.490324419999997],[-48.363855764,-27.486661142]]],[[[-48.355120680999995,-27.485912298999995],[-48.360124764,-27.487254432000007],[-48.355424156999995,-27.483880703],[-48.355120680999995,-27.485912298999995]]],[[[-48.348722664,-27.441348226],[-48.347637151,-27.443226212999996],[-48.34734110699999,-27.444145930999998],[-48.348722664,-27.441348226]]],[[[-48.34888745399999,-27.439986391],[-48.34883490399999,-27.439459580999998],[-48.348750248,-27.439945669],[-48.34888745399999,-27.439986391]]],[[[-48.349666338999995,-27.438951688],[-48.349510854,-27.439207994999997],[-48.349749911,-27.439229213999997],[-48.349666338999995,-27.438951688]]],[[[-48.36745582199999,-27.422936903],[-48.366081109999996,-27.426231364999996],[-48.367848939,-27.424906848999996],[-48.36745582199999,-27.422936903]]],[[[-48.35577115299999,-27.41879378799999],[-48.356384032,-27.418816774],[-48.356088715,-27.418502837999995],[-48.35577115299999,-27.41879378799999]]],[[[-48.355147601,-27.418622408],[-48.354988203,-27.417927398],[-48.35454543,-27.418780974],[-48.355147601,-27.418622408]]],[[[-48.377098135999994,-27.28345986700001],[-48.35947377699999,-27.27335710099999],[-48.356767915,-27.29965525],[-48.377098135999994,-27.28345986700001]]],[[[-48.327940485999996,-27.268014522999994],[-48.334483844,-27.278827100000004],[-48.333162294999994,-27.273746396999996],[-48.327940485999996,-27.268014522999994]]],[[[-48.469364501,-27.205824514999996],[-48.46329222899999,-27.203513564999998],[-48.474498948,-27.209054713999997],[-48.469364501,-27.205824514999996]]],[[[-48.405311154,-27.175291639],[-48.408312455,-27.188104148999997],[-48.410581423,-27.18801738000001],[-48.405311154,-27.175291639]]],[[[-48.398796922,-27.182001299999992],[-48.398404442,-27.178710574999997],[-48.397416316,-27.181430248],[-48.398796922,-27.182001299999992]]],[[[-48.475834899999995,-26.167242838999993],[-48.47589525499999,-26.166890549],[-48.475608448,-26.167222531],[-48.475834899999995,-26.167242838999993]]],[[[-48.480797875,-26.166289240999998],[-48.482250674999996,-26.16499879],[-48.48093604099999,-26.164681525999995],[-48.480797875,-26.166289240999998]]],[[[-48.478149492,-26.163351344],[-48.47803630999999,-26.163710413999997],[-48.478292955,-26.163784913],[-48.478149492,-26.163351344]]]]}},{"type":"Feature","properties":{"sigla":"RS","nome":"Rio Grande do Sul","regiao":"Sul"},"geometry":{"type":"MultiPolygon","coordinates":[[[[-52.106216969,-31.80176082099999],[-52.09422902499999,-31.792858484000003],[-52.094538756,-31.795750906],[-52.106216969,-31.80176082099999]]],[[[-57.649742824,-30.189320896999995],[-54.80978712200001,-27.530047424000003],[-53.373410477,-27.091175734],[-51.63040952099999,-27.489141495999995],[-50.62495147599999,-28.392588311000004],[-49.691351788,-28.620891398000005],[-50.177509124,-29.248521292],[-49.71276941599999,-29.327278318],[-50.75383639599999,-31.092051565999995],[-52.08304419,-32.16017213699999],[-52.004652748,-31.944917801],[-52.098123681,-31.83591134],[-51.264335053,-31.482786228000002],[-51.16777971700001,-31.062690871000004],[-50.701987434,-30.746327211000004],[-50.71754034500001,-30.351986366],[-50.574420037,-30.481475761000002],[-50.596492337,-30.19494414199999],[-50.916521517,-30.440678627],[-51.29577259999999,-30.000455504000005],[-51.29527329399999,-30.302946934999994],[-51.094656836,-30.36472957799999],[-51.28243479499999,-30.812538998000004],[-51.371645048999994,-30.636096975999994],[-51.441814017999995,-31.088052883],[-52.225767497,-31.751898075999993],[-52.097722481,-32.16174255199999],[-52.641022307,-33.129744568999996],[-53.394853369,-33.751177994],[-53.535451451,-33.649769161],[-53.43487190500001,-33.50254365599999],[-53.469681795,-33.260080891],[-53.417612617,-33.116943283],[-53.123905535,-32.793837778],[-52.76125696999999,-32.885827967000004],[-52.62346854799999,-32.14605814],[-53.084643664999994,-32.658242174],[-53.389989282,-32.586509286],[-53.74582637,-32.07809368099999],[-55.24011876499999,-31.260572951999993],[-55.57753101099999,-30.833411138],[-56.011123407,-31.081577828999997],[-56.022980505,-30.786143257999996],[-56.808075013,-30.103240693999993],[-57.649742824,-30.189320896999995]]],[[[-51.164048794,-30.261699455000002],[-51.16410364299999,-30.266014680999994],[-51.17019545299999,-30.263662297],[-51.164048794,-30.261699455000002]]],[[[-51.19196402,-30.241115010000005],[-51.19329216799999,-30.24217159800001],[-51.193499738999996,-30.241424035000005],[-51.19196402,-30.241115010000005]]],[[[-51.286280169,-30.12153586199999],[-51.288451493,-30.120928671999998],[-51.287319666,-30.120063418999994],[-51.286280169,-30.12153586199999]]],[[[-51.288682291,-30.060172216000005],[-51.291996586,-30.064812129000003],[-51.294645705,-30.054053044999993],[-51.288682291,-30.060172216000005]]],[[[-49.703671638,-29.346753825999997],[-49.704985782,-29.347337360000004],[-49.704420169,-29.345453593],[-49.703671638,-29.346753825999997]]]]}},{"type":"Feature","properties":{"sigla":"MS","nome":"Mato Grosso do Sul","regiao":"Centro-Oeste"},"geometry":{"type":"Polygon","coordinates":[[[-57.833706073,-20.936281022000003],[-58.16851168799999,-20.172243470999998],[-57.85815172299999,-19.971416791999996],[-58.131818687,-19.758497413999997],[-57.453919023000005,-18.231194094999996],[-57.795025767,-17.558010297999996],[-57.45246892200001,-17.902643453000003],[-56.73385418000001,-17.309860170999997],[-56.11395471299999,-17.166630627],[-55.12725596199999,-17.652722301],[-54.581662815,-17.468006981999995],[-54.08469245199999,-17.619034804000005],[-53.698468088999995,-17.230655790000004],[-53.948914883,-17.923423778000004],[-53.072277514,-18.033975304000005],[-53.099655709,-18.313619139000004],[-52.75931963200001,-18.348070856999996],[-52.916759639,-18.64029463],[-50.935908354999995,-19.460644014999996],[-51.05893274999999,-20.235160730999997],[-51.59414815,-20.643847678999993],[-52.076492427999995,-21.714880189999995],[-53.602588974999996,-22.946121664999996],[-54.287355626,-24.068583626999995],[-54.669472109,-23.812504840999992],[-55.413861315999995,-23.965298008000005],[-55.853263123999994,-22.280303019],[-56.393655775,-22.07443857],[-56.842385875,-22.301587765],[-57.99507215300001,-22.088708694000005],[-57.833706073,-20.936281022000003]]]}},{"type":"Feature","properties":{"sigla":"MT","nome":"Mato Grosso","regiao":"Centro-Oeste"},"geometry":{"type":"Polygon","coordinates":[[[-61.550257873,-10.986094650999998],[-61.58313478499999,-8.798689054000002],[-58.41587796200001,-8.792842779999999],[-58.1384405,-7.349034185],[-57.59293892099999,-8.756476971999996],[-56.757384102,-9.406176357],[-50.224806382,-9.841153476999999],[-50.739259611,-11.43538503],[-50.70134581399999,-12.643459865],[-50.498585638,-12.877265146999996],[-51.086049913,-14.919033139000003],[-51.530855558999995,-15.061676026999999],[-51.88267010999999,-15.828485287999989],[-52.682556559999995,-16.301742345],[-52.62686915300001,-16.535475571999996],[-53.218629786,-17.298086696999995],[-53.072277514,-18.033975304000005],[-53.948914883,-17.923423778000004],[-53.70514502599999,-17.228153774],[-54.08469245199999,-17.619034804000005],[-54.581662815,-17.468006981999995],[-55.12725596199999,-17.652722301],[-56.11395471299999,-17.166630627],[-56.73385418000001,-17.309860170999997],[-57.45388781699999,-17.902752748999998],[-58.395530055,-17.184457550000005],[-58.321083089999995,-16.264750071],[-60.17171713700001,-16.266106138],[-60.238604826999996,-15.473851596999996],[-60.56501893499999,-15.108683605000001],[-60.244321351,-15.096806048999998],[-60.38209599500001,-13.987456329999999],[-60.717011128,-13.685114327000003],[-59.77435743099999,-12.340955864999998],[-60.108775597000005,-11.839579220999997],[-59.91719305999999,-11.338434586000002],[-59.983900821,-11.116275722999998],[-60.46005013199999,-10.989856219999998],[-61.550257873,-10.986094650999998]]]}},{"type":"Feature","properties":{"sigla":"GO","nome":"Goiás","regiao":"Centro-Oeste"},"geometry":{"type":"Polygon","coordinates":[[[-52.36827370799999,-16.084319273999995],[-51.88267010999999,-15.828485287999989],[-51.530855558999995,-15.061676026999999],[-51.087109835,-14.921348694000008],[-50.87329964,-13.732411737000001],[-50.194720036,-12.411706092],[-50.29284271699999,-12.838469361],[-49.368315906999996,-13.272301371999998],[-49.119852212,-12.789449667],[-48.638663157,-13.013433854],[-48.586089797999996,-13.321600521999999],[-48.143659158999995,-13.152472547],[-47.67974837199999,-13.468174782999998],[-47.633644987,-13.101179886],[-47.426127484999995,-13.289979877000002],[-46.417984759,-12.822436733],[-46.104643992,-12.924925478999999],[-46.329131773,-13.248486406],[-46.068275461999995,-13.295441789999998],[-46.281495542,-13.795109502999999],[-45.90715532899999,-14.355189846],[-46.002584117000005,-14.795839017],[-46.217561956,-14.943419613000003],[-46.501113683,-14.703025897],[-46.503608072999995,-15.053433331999992],[-46.92059184299999,-15.050859049999998],[-46.80956303799999,-15.884282988000002],[-47.316932861999994,-16.036191622],[-47.418406917,-15.501819891],[-48.20000897199999,-15.50227825],[-48.277811196,-16.049597846999998],[-47.30850411499999,-16.04997138899999],[-47.45952456399999,-16.504125905],[-47.127409012,-16.978651787999997],[-47.53981227800001,-17.388396662],[-47.264803797999996,-17.611389160999998],[-47.28344348600001,-18.057753839],[-47.868182421,-18.474398512000004],[-48.933171575,-18.305454009],[-49.38505749699999,-18.646061916999997],[-49.53530635599999,-18.491807120999997],[-50.296098857,-18.691239769999996],[-50.843966810999994,-19.498363708999996],[-52.916759639,-18.64029463],[-52.75931963200001,-18.348070856999996],[-53.101152388,-18.310831119999996],[-53.218629786,-17.298086696999995],[-52.36827370799999,-16.084319273999995]]]}},{"type":"Feature","properties":{"sigla":"DF","nome":"Distrito Federal","regiao":"Centro-Oeste"},"geometry":{"type":"Polygon","coordinates":[[[-47.418406917,-15.545657099],[-47.30850411499999,-16.04997138899999],[-48.277811196,-16.049597846999998],[-48.20000897199999,-15.50227825],[-47.418406917,-15.545657099]]]}}]}